Player,Age,Position,League,MarketValue,scaled_ProgressivePasses,scaled_Tackles,scaled_Interceptions,scaled_xG
Erling Haaland,25,Forward,Premier League,81.26,-0.26783679760409285,-0.9794419405556675,-0.9552525501441516,3.449640363795061
Kylian Mbappe,25,Forward,La Liga,75.12,-1.0531638486949593,-1.1119063631355521,-1.1819722526402283,3.1514761780155127
Harry Kane,18,Forward,Bundesliga,127.03,-0.670568618676332,-1.2002159781888087,-1.1819722526402283,3.56890603810688
Mohamed Salah,30,Forward,Premier League,122.39,-0.45913441261340643,-1.0500896325982725,-1.0376960783245432,3.6285388752627896
Vinicius Jr,34,Forward,La Liga,51.46,-0.2980416841845106,-0.9529490560396905,-0.8728090219637602,2.6744134807682354
Kevin De Bruyne,28,Midfielder,Premier League,124.48,3.115110499402717,-0.10517675152842844,-0.707921965602977,0.5276313431554883
Rodri,29,Midfielder,Premier League,64.25,-0.18729043338964493,1.2901151663130235,1.0543084492528922,-0.06869702840360792
Martin Odegaard,23,Midfielder,Premier League,101.08,2.8432665201789553,-0.06985290550712582,-0.24417711958827457,0.6468970174673077
Jude Bellingham,19,Midfielder,La Liga,114.56,-0.18729043338964493,1.23712939728107,1.095530213343088,-0.3668612141831562
Declan Rice,21,Midfielder,Premier League,126.72,0.44701218479913174,0.9457076676053237,0.8481996288019131,-0.3668612141831562
Toni Kroos,34,Midfielder,La Liga,103.35,2.410329812526298,-0.36127463518287223,0.2195677264264278,0.0505686459082113
Pedri,31,Midfielder,La Liga,131.98,2.047871173561283,-0.06985290550712582,-0.27509344265592145,-0.2475955398713369
Virgil van Dijk,24,Defender,Premier League,64.69,1.413568555372506,0.7514265144881592,1.044003008230343,-0.4264940513390658
William Saliba,23,Defender,Premier League,115.28,0.4872853669063557,0.3981880542751335,0.714228895508777,-0.724658237118614
Ruben Dias,32,Defender,Premier League,65.5,0.41680729821871404,0.4511738233070874,1.5695805003803394,-0.3668612141831562
Kyle Walker,29,Defender,Premier League,104.8,1.423636850899312,1.528551126956816,1.631413146515633,-0.3668612141831562
Achraf Hakimi,31,Defender,Ligue 1,68.07,1.423636850899312,1.2901151663130235,1.6829403516283776,-0.7842910742745237
Alphonso Davies,26,Defender,Bundesliga,63.43,1.061178211934297,0.9457076676053237,0.5802581622156409,-0.4264940513390658
Alisson Becker,17,Goalkeeper,Premier League,136.02,-0.3282465707649286,1.431410550398234,1.5695805003803394,-0.7842910742745237
Thibaut Courtois,21,Goalkeeper,La Liga,67.03,-0.18729043338964493,2.5264497770586143,1.2707227107264198,0.0505686459082113
Ederson,17,Goalkeeper,Premier League,98.41,2.954017770973821,-0.6615273263639442,0.003153464952900041,0.8257955289350365
Leo Santos,23,Defender,Serie A,12.01,-1.0531638486949593,-0.9706109790503418,-1.0995287244598368,2.4358821321445974
Diego Costa,27,Defender,Serie A,3.57,-1.1035053263289891,-1.3238494392633675,-1.233499457752973,1.1835925518704942
Leo Rodriguez,26,Forward,Serie A,29.45,-0.37858804839895854,-1.4209900158219497,-1.1922776936627772,2.0184522720532296
Diego Fernandez,27,Midfielder,Serie A,6.53,-0.37858804839895854,0.5748072843816465,-0.41936961697160663,-0.3668612141831562
Enzo Martinez,33,Defender,Ligue 1,11.09,-0.5799539589350781,0.24806170868459754,2.156990638665629,-0.30722837702724654
Mateo Diaz,27,Goalkeeper,Serie A,25.62,-1.4357590787135865,-1.2178779011994598,-1.1098341654823858,0.8854283660909461
Julian Martinez,27,Midfielder,Bundesliga,16.21,0.12482672794134053,-0.36127463518287223,-0.027762858114746814,-0.3668612141831562
Enzo Martinez,19,Forward,Bundesliga,37.11,0.37653411611149007,-0.08751482851777713,-0.27509344265592145,-0.48612688849497543
Gabriel Silva,19,Forward,Serie A,2.62,0.4067390026919078,-1.0147657865769701,-0.151428150385334,-0.48612688849497543
Julian Santos,25,Midfielder,Serie A,2.37,0.18523650110217646,-1.5534544384018343,-0.893419904008858,-0.1879627027154273
Leo Lopez,19,Forward,Serie A,27.45,-0.8215930515784218,-1.1119063631355521,-1.1407504885500326,3.1514761780155127
Leo Rodriguez,17,Defender,Premier League,34.24,-0.34838316181854057,0.38052613126448215,1.631413146515633,-0.6650253999627043
Lucas Fernandez,32,Goalkeeper,Serie A,5.15,0.8799488924517891,0.11559728610471273,0.7760615416440707,-0.8439239114304332
Hugo Lopez,33,Midfielder,La Liga,13.21,-0.3987246394525705,-1.041258671092947,-0.9449471091216027,1.7799209234295907
Lucas Martinez,31,Goalkeeper,Serie A,26.84,-1.5263737384548404,2.9768288138302226,2.6619572487705274,-0.6650253999627043
Diego Fernandez,34,Forward,Ligue 1,36.95,1.6250027614354314,-1.6241021304444396,0.20926228540387884,-0.7842910742745237
Diego Fernandez,30,Forward,Serie A,11.51,-0.3987246394525705,1.334269973839652,1.961187259237199,-0.3668612141831562
Enzo Costa,17,Midfielder,Premier League,8.19,0.6584463908620574,1.2282984357757443,2.476459310364646,-0.6053925628067948
Lucas Lopez,20,Defender,Bundesliga,11.78,-1.0430955531681534,-0.2288102126029874,2.187906961733276,-0.6053925628067948
Mateo Martinez,30,Defender,Serie A,22.46,0.6483780953352516,2.0760707402870064,-0.12051182731768738,-0.4264940513390658
Enzo Silva,19,Forward,Premier League,13.16,0.14496331899495252,0.6542859379295772,-0.027762858114746814,-0.009064191247698392
Santi Santos,17,Forward,Ligue 1,2.99,2.3599883348922686,-0.2464721356136387,1.1161410953881858,-0.1879627027154273
Leo Silva,23,Midfielder,Ligue 1,26.92,0.5275585490135797,-1.2355398242101112,-1.1613613705951304,1.3624910633382232
Julian Diaz,34,Goalkeeper,Serie A,0.66,-0.07653918259477904,-1.2796946317367395,-1.1201396065049347,3.1514761780155127
Marco Fernandez,22,Forward,Premier League,38.38,-1.687466466883736,0.31870940072720255,0.7657561006215216,-0.7842910742745237
Santi Diaz,24,Forward,Ligue 1,18.46,1.5545246927477898,-0.4230913657201516,-0.6254784374225855,-0.48612688849497543
Enzo Santos,28,Goalkeeper,La Liga,33.09,0.13489502346814652,-0.016867136475171893,-0.3575369708363129,-0.12832986555951761
Mateo Garcia,26,Forward,Ligue 1,14.29,1.000768438773461,0.8485670910467412,-0.532729468219645,-0.12832986555951761
Hugo Diaz,19,Forward,Serie A,12.71,0.03421206820008662,-1.244370785715437,-1.2025831346853262,1.7799209234295907
Hugo Lopez,27,Midfielder,Premier League,24.54,-0.23763191102367487,-1.1648921321675059,-1.1098341654823858,1.9588194348973198
Hugo Lopez,18,Forward,Ligue 1,14.5,0.10469013688772855,0.6896097839508799,-0.5018131451519982,-0.6053925628067948
Leo Diaz,27,Forward,Serie A,16.34,-0.5094758902474363,-1.191385016683483,-1.1201396065049347,1.89918659774141
Leo Costa,32,Forward,Premier League,18.58,-0.126880660228809,-0.9617800175450161,-0.8625035809412113,-0.4264940513390658
Diego Santos,28,Forward,Premier League,26.74,-1.1035053263289891,-1.085413478619575,-1.0995287244598368,0.3487328316877594
Gabriel Garcia,24,Defender,Bundesliga,4.67,-0.036266000487555086,-0.8469775179757827,-0.9037253450314069,1.3028582261823136
Mateo Lopez,31,Defender,Premier League,13.13,-0.9826857800073173,-1.085413478619575,-1.0480015193470922,1.8395537605855004
Hugo Oliveira,30,Forward,Premier League,3.95,-0.5195441857742423,-1.3150184777580418,-1.0480015193470922,1.123959714714585
Gabriel Santos,33,Forward,Ligue 1,25.76,0.5275585490135797,1.484396319430188,-0.3575369708363129,-0.4264940513390658
Leo Silva,18,Forward,Bundesliga,38.71,-1.254529759231079,0.8485670910467412,-0.6048675553774875,-0.724658237118614
Hugo Santos,30,Midfielder,Bundesliga,23.52,-0.4994075947206304,-1.0059348250716444,-1.1716668116176796,1.243225389026404
Santi Rodriguez,31,Defender,La Liga,19.18,-0.35845145734534656,-1.0500896325982725,-1.1613613705951304,1.6010224119618617
Hugo Silva,31,Defender,Serie A,12.96,-0.07653918259477904,1.3519318968503033,0.734839777553875,-0.8439239114304332
Mateo Oliveira,23,Goalkeeper,Bundesliga,10.27,1.9874614004004472,-0.5025700192680825,0.7863669826666194,-0.009064191247698392
Marco Garcia,17,Midfielder,Serie A,29.34,-0.5598173678814661,-1.1737230936728316,-0.9346416680990538,0.3487328316877594
Marco Santos,29,Goalkeeper,La Liga,19.04,-0.590022254461884,-1.1207373246408776,-1.0273906373019943,1.5413895748059518
Santi Oliveira,27,Forward,Serie A,33.48,-0.630295436569108,-1.041258671092947,0.18865140335878094,-0.06869702840360792
Santi Rodriguez,20,Defender,Bundesliga,39.92,-1.4961688518744225,-1.3680042467899958,-1.2644157808206198,-0.48612688849497543
Enzo Fernandez,25,Forward,Ligue 1,20.75,-1.0934370308021832,1.8641276641591906,1.0027812441401476,-0.7842910742745237
Enzo Silva,33,Goalkeeper,Serie A,12.56,-0.7611832784175858,-1.5446234768965088,-0.8625035809412113,1.123959714714585
Enzo Garcia,33,Forward,La Liga,30.02,0.6181732087548334,-0.08751482851777713,1.2604172697038711,-0.6053925628067948
Mateo Santos,27,Forward,La Liga,15.63,0.47721707137954994,0.5571453613709952,0.0752915521107427,-0.6053925628067948
Leo Silva,20,Defender,Premier League,13.39,0.17516820557537047,1.387255742871606,0.013458905975448993,-0.06869702840360792
Diego Lopez,26,Goalkeeper,Ligue 1,25.3,-0.40879293497937647,1.1929745897544415,2.1054634335528846,-0.3668612141831562
Hugo Diaz,25,Goalkeeper,Ligue 1,7.53,-0.9021394157928695,0.35403324674850517,0.4875091930127003,-0.724658237118614
Julian Oliveira,33,Goalkeeper,La Liga,33.37,-0.8618662336856456,-1.2267088627047855,-1.223194016730424,0.7065298546232174
Gabriel Martinez,28,Midfielder,Premier League,32.17,0.7289244595496995,-0.3082888661509183,2.3012668129813143,-0.7842910742745237
Hugo Rodriguez,30,Midfielder,Ligue 1,1.82,-0.9222760068464815,-0.07868386701245147,0.1371241982460362,-0.5457597256508852
Santi Garcia,25,Midfielder,Ligue 1,34.23,-1.2847346458114968,1.4667343964195367,-0.6873110835578792,-0.3668612141831562
Enzo Fernandez,23,Midfielder,Premier League,35.27,0.9000854835054011,-0.33478175066689525,-0.09990094527258947,0.28909999453184987
Leo Lopez,23,Goalkeeper,Ligue 1,24.34,0.20537309215578844,0.2215688241686206,-1.8930476831961052,-0.8439239114304332
Gabriel Silva,27,Forward,Premier League,9.75,-0.8417296426320336,0.9015528600786952,1.5901913824254372,-0.48612688849497543
Hugo Oliveira,20,Midfielder,Serie A,21.48,-0.08660747812158504,-0.8381465564704571,1.3840825619744581,-0.48612688849497543
Julian Martinez,18,Forward,Serie A,32.75,-1.2948029413383029,-1.041258671092947,-0.9243362270765048,1.6606552491177713
Leo Santos,21,Forward,Bundesliga,32.24,-0.7410466873639738,-1.1737230936728316,-1.0995287244598368,1.9588194348973198
Enzo Rodriguez,17,Defender,Bundesliga,17.93,-0.5195441857742423,-0.9176252100183878,0.4462874289225045,-0.6650253999627043
Hugo Oliveira,21,Goalkeeper,La Liga,14.61,-0.16715384233603295,-1.1119063631355521,-0.9346416680990538,1.123959714714585
Mateo Martinez,18,Midfielder,La Liga,34.43,2.068007764614895,-0.17582444357103347,0.17834596233623198,-0.3668612141831562
Mateo Rodriguez,32,Defender,Ligue 1,25.15,1.3028173045776403,0.07144247857808446,0.6420908083509344,-0.30722837702724654
Mateo Costa,20,Midfielder,Ligue 1,7.69,3.155383681509941,0.24806170868459754,-0.2544825606108235,-0.3668612141831562
Gabriel Martinez,33,Defender,Premier League,28.79,0.41680729821871404,1.2636222817970468,0.7966724236891687,-0.5457597256508852
Mateo Diaz,34,Forward,La Liga,8.8,-0.45913441261340643,0.7425955529828338,0.4050656648323087,-0.6650253999627043
Mateo Diaz,32,Defender,Bundesliga,21.65,1.7458223077571033,0.7779193990041364,-0.7285328476480748,-0.009064191247698392
Lucas Oliveira,34,Forward,Premier League,8.51,-0.3181782752381226,1.528551126956816,1.981798141282297,-0.3668612141831562
Hugo Garcia,33,Goalkeeper,La Liga,24.74,-0.620227141042302,-0.9617800175450161,-1.0376960783245432,0.3487328316877594
Santi Silva,28,Forward,Ligue 1,0.85,0.3463292295310721,0.9545386291106491,0.2607894905166236,-0.8439239114304332
Gabriel Martinez,29,Forward,Premier League,38.82,0.2355779787362062,-0.9794419405556675,0.8481996288019131,-0.7842910742745237
Julian Rodriguez,32,Midfielder,Ligue 1,16.53,1.061178211934297,0.9192147830893465,1.5592750593577902,-0.5457597256508852
Enzo Rodriguez,33,Defender,Bundesliga,7.74,0.024143772673280633,0.7955813220147877,-1.1613613705951304,-0.48612688849497543
Diego Oliveira,26,Forward,Ligue 1,31.49,0.45708048032593795,0.7072717069615312,0.4978146340352493,-0.3668612141831562
Mateo Garcia,17,Midfielder,Serie A,23.74,-1.214256577123855,-1.2002159781888087,-1.0067797552568962,-0.3668612141831562
Leo Lopez,22,Defender,Bundesliga,3.46,1.2726124179972225,1.431410550398234,-0.42967505799415556,-0.5457597256508852
Marco Diaz,33,Goalkeeper,Bundesliga,10.41,-0.690705209729944,1.5991988189994213,1.2810281517489688,-0.8439239114304332
Leo Garcia,23,Midfielder,La Liga,13.25,-1.254529759231079,-1.1030754016302264,-1.2128885757078751,0.11020148306412099
Santi Lopez,28,Defender,Serie A,39.9,1.2625441224704164,-0.5997105958266646,-0.5636457912872919,-0.6650253999627043
Enzo Fernandez,34,Defender,Serie A,30.3,0.47721707137954994,1.016355359647929,1.4871369721999477,-0.48612688849497543
Hugo Diaz,33,Defender,Serie A,3.82,-1.0531638486949593,-1.2708636702314136,-1.1922776936627772,-0.1879627027154273
Santi Garcia,33,Midfielder,Premier League,16.05,-1.5263737384548404,0.07144247857808446,0.539036398125445,-0.30722837702724654
Mateo Rodriguez,29,Midfielder,Bundesliga,3.93,0.3060560474238481,0.4335119002964361,0.734839777553875,-0.5457597256508852
Santi Diaz,22,Goalkeeper,Bundesliga,7.63,0.5879683221744156,3.0209836213568506,1.4149988850421054,-0.7842910742745237
Hugo Fernandez,24,Forward,Serie A,8.1,-0.8618662336856456,-0.9794419405556675,-0.5739512323098408,-0.6053925628067948
Marco Martinez,34,Midfielder,La Liga,29.46,1.2021343493095804,0.31870940072720255,0.09590243415584061,0.11020148306412099
Julian Costa,22,Midfielder,Premier League,4.6,-0.2980416841845106,0.8220742065307645,0.22987316744897676,-0.724658237118614
Mateo Oliveira,17,Forward,La Liga,18.0,-0.7511149828907798,0.9457076676053237,1.1058356543656367,-0.30722837702724654
Julian Silva,27,Goalkeeper,Bundesliga,29.57,0.3463292295310721,1.2724532433023723,2.4146266642293526,-0.5457597256508852
Julian Santos,24,Defender,Premier League,5.2,-0.17722213786283894,-1.2090469396941343,-1.0273906373019943,-2.2751120031722647
Julian Santos,22,Forward,La Liga,5.51,-1.4055541921331687,0.7690884374988105,-0.22356623754317667,-0.724658237118614
Diego Santos,24,Goalkeeper,Serie A,13.79,-0.34838316181854057,0.7425955529828338,0.18865140335878094,-0.6053925628067948
Santi Rodriguez,17,Midfielder,Ligue 1,10.66,0.8296074148177593,-0.26413405862429,-0.5430349092421939,0.2294671573759402
Gabriel Santos,29,Goalkeeper,Premier League,32.75,0.5376268445403859,0.5041595923390413,0.4050656648323087,-0.6650253999627043
Leo Silva,17,Defender,Serie A,24.1,-1.0330272576413473,-0.8469775179757827,-1.2644157808206198,1.89918659774141
Lucas Silva,34,Defender,Ligue 1,31.32,0.19530479662898245,0.3716951697591565,-0.17203903243043192,-0.5457597256508852
Lucas Rodriguez,22,Goalkeeper,Ligue 1,12.4,-1.0934370308021832,-1.2973565547473906,-1.0376960783245432,0.7661626917791271
Gabriel Rodriguez,29,Goalkeeper,La Liga,18.14,-0.14701725128242096,-0.36127463518287223,-0.6873110835578792,-0.4264940513390658
Leo Diaz,17,Defender,La Liga,38.46,-0.4994075947206304,0.8573980525520671,-0.8521981399186622,-0.3668612141831562
Santi Rodriguez,19,Defender,Ligue 1,6.31,-1.5062371474012284,0.5129905538443668,0.6008690442607387,-0.48612688849497543
Marco Silva,29,Goalkeeper,Bundesliga,22.02,-0.04633429601436107,0.8573980525520671,-0.4090641759490577,-0.12832986555951761
Diego Costa,33,Midfielder,Serie A,24.15,1.363227077738476,-0.3789365581935235,0.4050656648323087,-0.4264940513390658
Enzo Silva,23,Goalkeeper,Premier League,10.01,2.8634031112325675,-0.09634579002310278,-0.23387167856572563,-0.06869702840360792
Diego Rodriguez,28,Forward,Bundesliga,3.27,-0.5296124813010481,0.20390690115796928,1.7550784387862204,-0.6650253999627043
Leo Santos,22,Midfielder,La Liga,19.51,-0.590022254461884,-1.4739757848539037,-1.078917842414739,1.6010224119618617
Marco Costa,31,Midfielder,Bundesliga,17.16,0.37653411611149007,-0.8558084794811084,0.034069788020546894,-0.3668612141831562
Diego Oliveira,17,Defender,Bundesliga,9.08,-0.640363732095914,1.3695938198609547,1.0027812441401476,-0.6053925628067948
Leo Santos,19,Forward,Premier League,10.6,-0.7813198694711978,-1.1737230936728316,-1.0583069603696411,1.8395537605855004
Gabriel Martinez,22,Forward,La Liga,32.34,-0.8115247560516158,1.8376347796432135,-0.6048675553774875,-0.5457597256508852
Marco Costa,22,Goalkeeper,La Liga,12.11,0.3161243429506541,-1.465144823348578,-1.2541103397980709,-0.8439239114304332
Diego Rodriguez,27,Goalkeeper,La Liga,13.11,1.7357540122302977,-0.4495842502361286,0.4668983109676024,-0.12832986555951761
Mateo Silva,31,Forward,Serie A,9.08,1.1215879850951325,0.6277930534136,0.3432330186970152,-0.6053925628067948
Leo Silva,27,Goalkeeper,La Liga,1.03,0.14496331899495252,-0.36127463518287223,0.5493418391479941,-0.6650253999627043
Lucas Lopez,21,Defender,Bundesliga,15.19,-0.16715384233603295,-1.1737230936728316,-1.089223283437288,1.3028582261823136
Enzo Santos,28,Forward,Premier League,2.84,0.3563975250578781,-0.4849080962574312,0.10620787517838956,-0.3668612141831562
Marco Martinez,26,Forward,Premier League,25.67,1.2927490090508345,-0.08751482851777713,-0.3884532939039598,-0.4264940513390658
Gabriel Oliveira,23,Goalkeeper,Premier League,30.57,-0.4893392991938244,-1.0589205941035984,-1.0480015193470922,-0.1879627027154273
Diego Costa,31,Defender,Ligue 1,23.09,1.2524758269436105,0.15092113212601535,-0.49150770412944916,-0.9035567485863429
Julian Silva,32,Defender,Premier League,20.44,-0.106744069175197,-1.2973565547473906,0.1371241982460362,-0.5457597256508852
Leo Oliveira,34,Defender,Serie A,2.77,0.08455354583411658,0.6631168994349027,1.5489696183352415,-0.9631895857422526
Lucas Costa,21,Defender,Bundesliga,4.63,-0.3886563439257645,-1.4563138618432523,-1.2128885757078751,1.9588194348973198
Diego Garcia,18,Goalkeeper,Premier League,37.18,0.2456462742630122,0.20390690115796928,-0.3266206477686662,-0.6650253999627043
Gabriel Rodriguez,30,Defender,Serie A,4.12,-1.173983395016631,-0.9794419405556675,1.796300202876416,-0.30722837702724654
Lucas Lopez,34,Midfielder,La Liga,36.46,0.07448525030731058,-0.7586679029225263,-1.0376960783245432,2.734046317924145
Diego Costa,20,Goalkeeper,Premier League,18.87,-0.4893392991938244,-0.9971038635663187,-1.0273906373019943,2.3762492949886878
Mateo Costa,34,Goalkeeper,Bundesliga,27.65,-0.2980416841845106,-1.0677515556089239,-0.9861688732117984,1.3624910633382232
Enzo Diaz,32,Forward,La Liga,3.13,0.4872853669063557,-0.5114009807734081,0.1577350802911341,-0.6650253999627043
Lucas Silva,29,Goalkeeper,Bundesliga,28.07,-0.7309783918371678,0.11559728610471273,-0.5636457912872919,-0.7842910742745237
Diego Rodriguez,18,Goalkeeper,Serie A,36.97,3.1352470904563288,0.10676632459938708,-0.6048675553774875,0.11020148306412099
Marco Garcia,32,Defender,La Liga,5.92,-1.6572615803033182,0.04494959406210769,0.6936180134636791,-0.48612688849497543
Diego Diaz,18,Defender,Ligue 1,24.5,-0.7611832784175858,1.4932272809355134,1.07491933129799,-0.5457597256508852
Gabriel Diaz,27,Defender,Serie A,5.55,0.39667070716510205,-1.2532017472207626,-1.0376960783245432,1.422123900494133
Gabriel Diaz,31,Midfielder,Bundesliga,9.55,-0.3282465707649286,-0.9264561715237135,-1.1510559295725817,1.6010224119618617
Marco Garcia,32,Defender,Ligue 1,3.3,1.423636850899312,-0.741005979911875,0.17834596233623198,-0.9035567485863429
Diego Rodriguez,23,Defender,La Liga,27.51,-0.18729043338964493,1.3695938198609547,1.064613890275441,-0.4264940513390658
Santi Oliveira,20,Defender,Ligue 1,14.92,-2.331837380599319,0.24806170868459754,-0.8109763758284665,-0.48612688849497543
Enzo Fernandez,18,Midfielder,Serie A,30.94,-0.19735872891645093,1.528551126956816,-1.1716668116176796,-0.4264940513390658
Leo Oliveira,21,Goalkeeper,Ligue 1,39.19,0.024143772673280633,-1.0147657865769701,0.6420908083509344,-0.4264940513390658
Mateo Rodriguez,18,Goalkeeper,Premier League,19.29,-0.36851975287215255,1.0693411286798824,0.5287309571028961,-0.30722837702724654
Hugo Santos,18,Midfielder,La Liga,9.55,-0.40879293497937647,1.4579034349142113,0.18865140335878094,-0.724658237118614
Hugo Diaz,17,Goalkeeper,Ligue 1,9.52,-1.5163054429280343,-1.0059348250716444,-1.089223283437288,1.6010224119618617
Mateo Martinez,25,Midfielder,Serie A,35.79,1.7156174211766857,-0.18465540507635914,-0.43998049901670455,0.2294671573759402
Gabriel Diaz,30,Midfielder,La Liga,1.26,0.11475843241453454,0.9457076676053237,-1.4602191602490497,-0.30722837702724654
Julian Lopez,22,Defender,Serie A,20.21,-0.36851975287215255,-1.138399247651529,-0.9346416680990538,-0.48612688849497543
Lucas Santos,20,Goalkeeper,Ligue 1,26.66,-0.5598173678814661,-0.988272902060993,-1.1098341654823858,0.8854283660909461
Enzo Garcia,30,Midfielder,Serie A,7.7,-0.43899782155979444,0.813243245025439,1.4974424132224968,-0.6650253999627043
Julian Lopez,27,Forward,Premier League,32.93,0.3563975250578781,0.8220742065307645,-0.23387167856572563,-0.724658237118614
Hugo Garcia,32,Midfielder,Bundesliga,25.3,-0.5296124813010481,-1.4474829003379268,-1.2025831346853262,0.5276313431554883
Lucas Santos,34,Forward,Serie A,26.05,-0.3987246394525705,1.528551126956816,-0.7594491707157217,-0.2475955398713369
Lucas Lopez,21,Forward,Ligue 1,27.96,0.03421206820008662,0.7249336299721825,0.2814003725617215,-0.6650253999627043
Mateo Oliveira,28,Defender,Premier League,17.81,-0.026197704960749094,-0.7763298259331776,-0.4502859400392535,-0.9035567485863429
Enzo Lopez,22,Forward,Ligue 1,19.36,0.2355779787362062,0.6189620919082747,-0.4605913810618024,-0.6053925628067948
Lucas Oliveira,19,Forward,Serie A,6.72,0.4973536624331619,0.7779193990041364,-0.532729468219645,-0.1879627027154273
Julian Costa,20,Goalkeeper,La Liga,15.98,2.098212651195313,0.4953286308337155,-0.9449471091216027,-0.4264940513390658
Lucas Santos,26,Forward,Serie A,27.13,-0.2879733886577046,0.32754036223252825,-0.027762858114746814,-0.7842910742745237
Santi Rodriguez,31,Defender,La Liga,27.95,1.7558906032839094,0.1950759396526436,-0.19264991447552982,-0.12832986555951761
Hugo Garcia,31,Forward,Bundesliga,12.71,-0.9122077113196755,1.2812842048076982,-1.243804898775522,-0.724658237118614
Enzo Fernandez,25,Midfielder,Bundesliga,19.79,0.21544138768259444,0.5659763228763207,-0.2957043247010193,-0.5457597256508852
Julian Martinez,22,Goalkeeper,Bundesliga,3.2,-2.2814959029652893,-1.0677515556089239,-1.2128885757078751,2.1973507835209585
Lucas Fernandez,30,Midfielder,Premier League,20.18,0.7691976416569234,0.036118632556782035,-0.08959550425004052,-0.3668612141831562
Diego Silva,34,Midfielder,Bundesliga,18.61,-0.60009054998869,-0.18465540507635914,1.1882791825460284,-0.6053925628067948
Lucas Fernandez,23,Midfielder,Premier League,0.73,-0.24770020655048086,1.2901151663130235,-1.4911354833166965,-0.4264940513390658
Marco Oliveira,28,Forward,La Liga,16.37,-0.680636914203138,-1.4209900158219497,-0.9861688732117984,0.28909999453184987
Gabriel Oliveira,23,Goalkeeper,Ligue 1,29.3,-0.3886563439257645,1.9700992022230985,0.47720375199015136,-0.724658237118614
Leo Oliveira,18,Defender,Serie A,1.03,-0.9021394157928695,-0.21114828959233609,0.45659286994505344,-0.5457597256508852
Hugo Rodriguez,22,Forward,Premier League,12.49,0.3161243429506541,0.5129905538443668,-1.2541103397980709,-0.48612688849497543
Lucas Martinez,23,Goalkeeper,Ligue 1,8.53,0.980631847719849,-2.145128859258653,-0.8418926988961133,0.2294671573759402
Julian Rodriguez,28,Goalkeeper,Bundesliga,2.73,0.17516820557537047,0.8573980525520671,0.37414934176466186,-0.009064191247698392
Leo Costa,21,Forward,Bundesliga,23.68,-0.2980416841845106,1.157650743733139,0.2607894905166236,-0.5457597256508852
Santi Garcia,27,Defender,Bundesliga,25.6,-0.016129409433943327,-0.7056821338905723,0.8172833057342666,-0.4264940513390658
Marco Fernandez,31,Forward,La Liga,19.66,-0.07653918259477904,1.3166080508290008,-0.11020638629513843,-0.7842910742745237
Lucas Diaz,33,Midfielder,Ligue 1,10.53,-0.2779050931308986,-0.8999632870077365,-1.0583069603696411,1.0046940404027656
Julian Oliveira,29,Midfielder,La Liga,13.72,-0.7410466873639738,-1.191385016683483,-1.1304450475274836,2.0184522720532296
Enzo Oliveira,17,Defender,Ligue 1,9.55,0.5476951400671917,0.7867503605094619,0.06498611108819376,-0.724658237118614
Leo Diaz,23,Forward,La Liga,33.64,-0.8719345292124516,-1.1560611706621804,-1.233499457752973,1.1835925518704942
Santi Martinez,21,Midfielder,Premier League,38.72,0.3161243429506541,1.3519318968503033,1.1676683005009305,-0.6053925628067948
Diego Costa,24,Goalkeeper,Serie A,8.04,-0.590022254461884,0.34520228524317953,0.17834596233623198,-0.30722837702724654
Gabriel Rodriguez,20,Goalkeeper,Premier League,9.0,0.27585116084343014,-0.290626943140267,-0.2544825606108235,-0.6650253999627043
Santi Oliveira,27,Midfielder,La Liga,3.53,-0.9323443023732875,-1.1737230936728316,-0.9140307860539558,1.89918659774141
Santi Fernandez,19,Defender,Bundesliga,10.99,-0.7712515739443918,-0.26413405862429,0.023764346997997943,-0.6650253999627043
Hugo Silva,21,Goalkeeper,Bundesliga,12.01,0.45708048032593795,2.2085351628668914,0.6317853673283854,-0.8439239114304332
Hugo Lopez,24,Midfielder,Ligue 1,32.1,-0.43899782155979444,0.5924692073922979,-0.33692608879121516,-0.30722837702724654
Leo Santos,26,Goalkeeper,Ligue 1,1.03,0.5779000266476099,0.18624497814731797,1.044003008230343,-0.6053925628067948
Julian Fernandez,28,Defender,Serie A,11.75,0.7490610506033114,-0.061021944001800166,0.1989568443813299,-0.48612688849497543
Lucas Costa,23,Goalkeeper,Bundesliga,32.0,1.7055491256498794,-0.7851607874385031,-0.6357838784451344,-0.06869702840360792
Lucas Diaz,31,Goalkeeper,Bundesliga,35.93,-0.670568618676332,0.5748072843816465,-0.027762858114746814,-0.724658237118614
Marco Garcia,18,Goalkeeper,Bundesliga,31.5,-0.590022254461884,1.2812842048076982,-0.24417711958827457,-0.724658237118614
Diego Lopez,33,Midfielder,Ligue 1,33.03,0.054348659253698604,1.4490724734088853,1.044003008230343,-0.6650253999627043
Leo Oliveira,17,Goalkeeper,Ligue 1,15.52,0.06441695478050459,-0.061021944001800166,1.4149988850421054,-0.724658237118614
Enzo Santos,17,Defender,Premier League,39.22,0.04428036372689261,3.2682505435059683,-0.2544825606108235,-0.6053925628067948
Marco Lopez,17,Forward,Bundesliga,14.82,-0.8215930515784218,-1.3238494392633675,-1.0583069603696411,2.3166164578327777
Leo Costa,19,Goalkeeper,Bundesliga,9.99,0.3161243429506541,-1.0677515556089239,-0.9758634321892494,2.0780851092091392
Leo Costa,18,Forward,La Liga,6.72,1.463910033006536,-0.8028227104491544,0.3329275776744663,-0.1879627027154273
Enzo Costa,19,Midfielder,Premier League,32.43,-0.3081099797113166,0.3893570927698076,0.9203377159597561,-0.30722837702724654
Santi Diaz,18,Midfielder,La Liga,24.74,-0.18729043338964493,0.5483143998656694,1.0543084492528922,-0.724658237118614
Santi Fernandez,33,Midfielder,Serie A,18.17,-1.5465103295084521,1.7669870876006084,0.10620787517838956,-0.4264940513390658
Mateo Garcia,17,Forward,La Liga,6.87,-0.45913441261340643,-0.3259507891615696,0.714228895508777,-0.6650253999627043
Gabriel Santos,34,Midfielder,Serie A,22.36,-1.3350761234455266,-0.7763298259331776,-1.0170851962794452,1.7799209234295907
Marco Garcia,33,Defender,Serie A,22.85,-0.5698856634082721,0.2657236316952489,0.9821703620950497,-0.9035567485863429
Diego Garcia,23,Goalkeeper,La Liga,23.05,0.43694388927232597,-0.19348636658168478,-0.4090641759490577,-0.3668612141831562
Lucas Lopez,34,Goalkeeper,Bundesliga,24.69,-0.9726174844805113,0.18624497814731797,1.4871369721999477,-0.724658237118614
Marco Fernandez,26,Goalkeeper,Premier League,14.9,1.6250027614354314,0.35403324674850517,-0.42967505799415556,-0.1879627027154273
Hugo Fernandez,30,Midfielder,Ligue 1,37.42,-0.16715384233603295,0.2568926701899232,1.2088900645911262,-0.48612688849497543
Lucas Costa,33,Defender,Bundesliga,31.23,-0.3081099797113166,0.24806170868459754,-0.3575369708363129,-0.5457597256508852
Lucas Garcia,32,Defender,Serie A,37.93,-0.3081099797113166,0.5748072843816465,1.291333592771518,-0.6650253999627043
Mateo Costa,19,Forward,La Liga,14.57,0.4872853669063557,1.1664817052384648,2.1982124027558245,-0.724658237118614
Hugo Costa,19,Midfielder,Premier League,12.2,-0.2779050931308986,-0.8734704024917597,-0.13081726834023633,-0.6650253999627043
Gabriel Martinez,20,Forward,Serie A,35.49,-0.18729043338964493,0.05378055556743315,1.7859947618538672,-0.5457597256508852
Hugo Rodriguez,24,Goalkeeper,Serie A,30.3,-0.116812364702003,-0.9176252100183878,-1.1819722526402283,0.3487328316877594
Julian Fernandez,21,Forward,La Liga,28.74,-0.20742702444325692,-1.2090469396941343,-1.06861240139219,0.9450612032468558
Leo Costa,23,Goalkeeper,Premier League,37.64,0.03421206820008662,-1.3238494392633675,-0.18234447345298085,-0.6650253999627043
Lucas Diaz,26,Goalkeeper,Bundesliga,34.32,-1.2746663502846909,0.583638245886972,-0.41936961697160663,-0.1879627027154273
Julian Fernandez,19,Forward,Premier League,31.31,-0.640363732095914,-0.8469775179757827,-0.9861688732117984,0.28909999453184987
Mateo Santos,19,Midfielder,Serie A,18.27,0.8094708237641474,1.6168607420100727,-1.243804898775522,-0.724658237118614
Enzo Oliveira,27,Forward,Premier League,26.68,-0.3886563439257645,2.261520931898845,0.3844547827872108,-0.7842910742745237
Santi Santos,19,Forward,La Liga,35.33,-0.5497490723546601,-1.1472302091568547,-0.8831144629863091,1.123959714714585
Mateo Garcia,21,Midfielder,Serie A,9.24,-0.24770020655048086,0.7779193990041364,0.8791159518695603,-0.724658237118614
Leo Silva,19,Goalkeeper,Premier League,19.78,0.7994025282373411,-0.6791892493745953,-0.20295535549807878,-0.4264940513390658
Lucas Fernandez,31,Forward,Ligue 1,16.59,-0.8014564605248098,-0.29945790464559263,0.18865140335878094,0.28909999453184987
Diego Lopez,18,Forward,Bundesliga,18.31,0.10469013688772855,0.2392307471792719,3.177229299897974,-0.5457597256508852
Diego Garcia,31,Midfielder,La Liga,5.82,0.07448525030731058,1.0340172826585803,0.11651331620093829,-0.48612688849497543
Gabriel Oliveira,34,Defender,Premier League,25.36,-0.8920711202660636,1.431410550398234,0.31231669562936837,-0.6650253999627043
Hugo Silva,33,Goalkeeper,Premier League,25.21,1.6451393524890434,0.3716951697591565,0.14742963926858513,-0.12832986555951761
Gabriel Rodriguez,21,Midfielder,La Liga,35.28,-1.8586274908394378,-0.09634579002310278,0.2710949315391726,-0.6650253999627043
Enzo Garcia,30,Defender,Premier League,34.07,-0.026197704960749094,0.08910440158873577,0.5081200750577982,-0.7842910742745237
Leo Silva,33,Defender,Serie A,17.46,0.19530479662898245,-0.37010559668819787,-0.7594491707157217,-0.724658237118614
Santi Silva,33,Forward,La Liga,7.16,0.6987195729692813,1.5108892039461648,1.2295009466362241,-0.724658237118614
Santi Rodriguez,20,Midfielder,Serie A,39.41,-1.123641917382601,-1.0059348250716444,-1.0273906373019943,1.4817567376500427
Enzo Silva,20,Defender,Serie A,19.54,0.3261926384774601,0.7779193990041364,-0.9140307860539558,-0.6650253999627043
Gabriel Diaz,26,Defender,Serie A,28.85,0.18523650110217646,2.2173661243722167,-0.04837374015984472,-0.48612688849497543
Julian Fernandez,33,Defender,Serie A,25.72,0.06441695478050459,-0.8558084794811084,-1.1201396065049347,1.6606552491177713
Mateo Lopez,18,Goalkeeper,Ligue 1,35.04,-0.20742702444325692,-1.1737230936728316,-1.223194016730424,2.555147806456416
Gabriel Rodriguez,19,Goalkeeper,Serie A,16.25,-0.65043202762272,1.2901151663130235,0.5699527211930919,-0.48612688849497543
Gabriel Santos,26,Midfielder,La Liga,15.01,-0.60009054998869,0.9986934366372776,1.8890491720793565,-0.8439239114304332
Hugo Lopez,18,Goalkeeper,Bundesliga,1.31,-0.4792710036670184,0.4070190157804589,-0.017457417092197863,-0.30722837702724654
Gabriel Diaz,33,Forward,Ligue 1,13.26,0.28591945637023614,1.1134959362065109,1.8581328490117095,-0.6053925628067948
Santi Diaz,22,Goalkeeper,Premier League,19.13,0.8698805969249829,-0.8116536719544801,0.539036398125445,-0.9035567485863429
Hugo Rodriguez,26,Forward,Bundesliga,0.66,2.994290953081045,0.1774140166419923,-0.33692608879121516,-0.2475955398713369
Gabriel Lopez,24,Defender,Premier League,24.58,-1.0330272576413473,-1.2090469396941343,-1.0583069603696411,0.11020148306412099
Diego Costa,21,Goalkeeper,Bundesliga,34.78,-0.3383148662917346,-0.4407532887308029,0.41537110585485765,-1.0228224228981622
Enzo Diaz,23,Goalkeeper,Premier League,14.03,-0.07653918259477904,-0.41426040421482596,0.1577350802911341,-0.48612688849497543
Lucas Diaz,20,Goalkeeper,Premier League,39.13,-0.7611832784175858,-0.10517675152842844,0.20926228540387884,-0.6650253999627043
Gabriel Garcia,17,Midfielder,Bundesliga,24.19,0.6383097998084454,0.38052613126448215,0.013458905975448993,-0.6650253999627043
Mateo Santos,34,Defender,Premier League,24.75,1.343090486684864,-0.27296502012961565,0.45659286994505344,-0.1879627027154273
Enzo Silva,21,Defender,Serie A,16.22,0.08455354583411658,-0.9441180945343648,-0.22356623754317667,-0.2475955398713369
Leo Fernandez,20,Defender,Premier League,39.96,1.1819977582559684,0.08910440158873577,0.9306431569823048,-0.8439239114304332
Santi Santos,19,Defender,Ligue 1,15.97,-0.9222760068464815,-1.1737230936728316,-1.0995287244598368,2.3762492949886878
Santi Rodriguez,18,Defender,Ligue 1,38.78,1.393431964318894,0.36286420825383087,1.0130866851626963,-0.724658237118614
Hugo Martinez,18,Forward,Serie A,38.88,0.3261926384774601,0.46000478481241286,-0.6976165245804281,-0.6650253999627043
Gabriel Diaz,23,Goalkeeper,Ligue 1,35.2,-0.07653918259477904,-1.262032708726088,-0.9655579911667005,3.211109015171422
Mateo Santos,29,Forward,Serie A,37.82,-1.3451444189723327,-0.3259507891615696,-1.3159429859333647,-0.7842910742745237
Hugo Oliveira,20,Midfielder,Serie A,1.55,-0.23763191102367487,1.9700992022230985,0.09590243415584061,-0.9035567485863429
Gabriel Silva,20,Defender,La Liga,34.72,-0.37858804839895854,-0.12283867453907975,0.7039234544862281,-0.6650253999627043
Mateo Diaz,22,Forward,Serie A,8.11,-1.244461463704273,-1.712411745497696,-1.1407504885500326,1.6606552491177713
Hugo Fernandez,34,Midfielder,Bundesliga,30.28,0.25571456978981816,0.0007947865354794167,1.1882791825460284,-0.3668612141831562
Lucas Costa,33,Midfielder,La Liga,23.19,1.9975296959272528,0.02728767105145638,0.940948598004854,-0.724658237118614
Leo Costa,18,Forward,Serie A,9.12,-2.331837380599319,1.5903678574940958,-0.08959550425004052,-0.6053925628067948
Hugo Diaz,17,Defender,La Liga,28.94,-0.8517979381588396,-1.1030754016302264,-1.223194016730424,1.243225389026404
Julian Lopez,29,Defender,Premier League,1.82,1.5947978748550138,1.1488197822278134,1.3840825619744581,-0.48612688849497543
Gabriel Santos,29,Midfielder,Serie A,1.15,-1.2746663502846909,-1.1119063631355521,-1.2541103397980709,0.9450612032468558
Lucas Rodriguez,22,Forward,Serie A,16.63,-0.620227141042302,1.3784247813662802,-1.2644157808206198,-0.6053925628067948
Mateo Martinez,31,Midfielder,Serie A,17.83,0.4872853669063557,1.2636222817970468,-0.23387167856572563,-0.6053925628067948
Gabriel Silva,30,Forward,La Liga,24.53,-1.163915099489825,-1.2708636702314136,-1.06861240139219,2.256983620676868
Gabriel Garcia,33,Midfielder,Bundesliga,18.52,-0.670568618676332,-1.2178779011994598,-1.0273906373019943,1.422123900494133
Marco Santos,22,Goalkeeper,Serie A,32.34,0.06441695478050459,0.2392307471792719,2.6207354846803317,-0.3668612141831562
Julian Silva,21,Goalkeeper,Bundesliga,39.77,0.38660241163829584,1.5462130499674673,1.6829403516283776,-0.724658237118614
Enzo Diaz,24,Midfielder,Bundesliga,15.85,0.5476951400671917,1.4402415119035599,-0.151428150385334,-0.6053925628067948
Enzo Oliveira,30,Defender,Premier League,3.31,-0.60009054998869,-1.1207373246408776,-1.1510559295725817,1.243225389026404
Julian Rodriguez,18,Forward,Bundesliga,18.55,-0.680636914203138,1.2901151663130235,1.3737771209519094,-0.6053925628067948
Enzo Silva,26,Forward,Premier League,1.6,-0.45913441261340643,0.09793536309406142,0.2710949315391726,-0.12832986555951761
Marco Rodriguez,32,Defender,Bundesliga,27.86,-0.126880660228809,0.05378055556743315,0.8481996288019131,-0.4264940513390658
Lucas Rodriguez,34,Midfielder,Premier League,22.48,-0.9222760068464815,0.9457076676053237,2.4352375462744504,-0.724658237118614
Hugo Rodriguez,24,Goalkeeper,Premier League,10.1,0.45708048032593795,1.528551126956816,1.064613890275441,-0.6053925628067948
Marco Garcia,34,Goalkeeper,Premier League,32.09,-0.3886563439257645,0.8927218985733697,1.0336975672077944,-0.48612688849497543
Enzo Rodriguez,17,Defender,Ligue 1,0.95,-1.5666469205620641,0.7249336299721825,1.7859947618538672,-0.48612688849497543
Diego Silva,29,Defender,Serie A,20.76,1.3229538956312523,0.1774140166419923,0.6730071314185813,-0.009064191247698392
Mateo Costa,33,Forward,Serie A,1.54,0.9302903700858188,1.6786774725473523,0.003153464952900041,-0.9631895857422526
Hugo Fernandez,24,Goalkeeper,Ligue 1,27.21,1.6451393524890434,-0.05219098249647451,0.6111744852832878,-0.4264940513390658
Hugo Silva,28,Defender,Bundesliga,37.96,-0.3181782752381226,0.9280457445946724,2.0848525515077863,-0.7842910742745237
Gabriel Rodriguez,17,Midfielder,Premier League,31.62,-0.056402591541167064,0.9722005521213004,1.9302709361695525,-0.6053925628067948
Santi Costa,19,Forward,Serie A,36.65,0.43694388927232597,-0.016867136475171893,0.940948598004854,-0.48612688849497543
Gabriel Santos,18,Goalkeeper,Bundesliga,1.78,-0.43899782155979444,-0.33478175066689525,0.11651331620093829,-0.8439239114304332
Santi Martinez,34,Midfielder,Premier League,33.3,-0.20742702444325692,1.007524398142603,-0.49150770412944916,-0.1879627027154273
Hugo Rodriguez,32,Goalkeeper,Serie A,13.56,2.068007764614895,-0.0345290594858232,0.04437522904309585,-0.3668612141831562
Enzo Santos,20,Defender,Serie A,32.62,1.6451393524890434,-0.09634579002310278,0.003153464952900041,-0.009064191247698392
Enzo Silva,31,Defender,Premier League,17.18,-0.2779050931308986,0.10676632459938708,1.6932457926509268,-0.4264940513390658
Leo Silva,26,Goalkeeper,Bundesliga,17.01,-1.234393168177467,-0.9971038635663187,-0.017457417092197863,-0.5457597256508852
Hugo Diaz,17,Defender,Serie A,32.48,-0.8215930515784218,-1.3503423237793446,-1.0995287244598368,1.243225389026404
Mateo Silva,25,Defender,Serie A,27.62,2.2492370840974023,-0.025698097980497547,0.2710949315391726,-0.48612688849497543
Lucas Garcia,23,Defender,Serie A,11.79,0.8497440058713713,0.16858305513666666,-0.6770056425353302,-0.2475955398713369
Marco Oliveira,30,Midfielder,La Liga,9.01,-0.8618662336856456,-0.8204846334598057,-1.0067797552568962,1.3624910633382232
Leo Silva,24,Defender,Premier League,7.51,-0.16715384233603295,0.3981880542751335,0.5905636032381898,-0.6650253999627043
Hugo Costa,22,Midfielder,Premier League,35.79,0.5980366177012219,1.5550440114727933,-0.27509344265592145,-0.3668612141831562
Julian Silva,23,Goalkeeper,Premier League,29.32,0.06441695478050459,1.0340172826585803,1.672634910605829,-1.0824552600540718
Santi Silva,23,Forward,Bundesliga,2.71,2.2089639019901783,-0.1493315590550567,-0.09990094527258947,-0.6053925628067948
Gabriel Martinez,17,Midfielder,Ligue 1,10.87,1.0712465074611026,-0.5908796343213389,-0.532729468219645,-0.009064191247698392
Diego Santos,27,Midfielder,Ligue 1,26.79,1.2927490090508345,0.539483438360344,-0.6873110835578792,-0.30722837702724654
Hugo Rodriguez,33,Forward,Premier League,37.53,0.5476951400671917,-0.4230913657201516,0.3844547827872108,-0.5457597256508852
Marco Costa,22,Goalkeeper,Bundesliga,39.42,0.3060560474238481,1.4402415119035599,-0.1411227093627853,-0.5457597256508852
Marco Diaz,27,Defender,Premier League,19.18,-0.4692027081402124,1.2018055512597674,0.31231669562936837,-0.4264940513390658
Mateo Martinez,19,Defender,Premier League,13.56,0.6785829819156693,-0.988272902060993,0.2607894905166236,-0.7842910742745237
Julian Martinez,31,Defender,Serie A,22.08,0.43694388927232597,-1.1825540551781573,0.8378941877793644,-0.48612688849497543
Santi Martinez,23,Defender,Ligue 1,23.09,0.26578286531662415,0.8309051680360899,-0.8212818168510154,-0.4264940513390658
Gabriel Diaz,30,Midfielder,La Liga,6.0,-0.710841800783556,-1.0147657865769701,-1.1304450475274836,2.137717946365049
Gabriel Diaz,24,Defender,Premier League,39.77,0.5980366177012219,0.5924692073922979,1.981798141282297,-0.9035567485863429
Santi Rodriguez,23,Forward,La Liga,2.74,0.8396757103445651,-1.4739757848539037,-1.0583069603696411,1.0643268775586752
Lucas Garcia,21,Defender,Premier League,38.99,-0.5497490723546601,1.184143628249116,-0.2132607965206277,-0.7842910742745237
Lucas Rodriguez,29,Forward,Ligue 1,33.56,0.3161243429506541,-0.37010559668819787,0.8378941877793644,-0.6053925628067948
Diego Costa,19,Midfielder,Ligue 1,31.01,2.853334815705762,0.8397361295414157,0.6730071314185813,-0.009064191247698392
Marco Oliveira,30,Defender,Premier League,27.22,0.39667070716510205,0.8485670910467412,-1.4808300422941476,-0.1879627027154273
Hugo Fernandez,17,Defender,La Liga,2.6,-0.660500323149526,-0.6350344418479672,-1.2747212218431687,1.8395537605855004
Lucas Costa,27,Goalkeeper,Ligue 1,6.53,1.50418321511376,0.7514265144881592,-0.16173359140788296,-0.5457597256508852
Santi Martinez,25,Defender,Premier League,13.38,0.004007181619668652,-1.0147657865769701,-1.0995287244598368,1.6010224119618617
Santi Diaz,30,Defender,Premier League,23.3,-0.006061113907137338,0.02728767105145638,1.425304326064654,-0.6650253999627043
Lucas Rodriguez,27,Forward,Bundesliga,29.17,0.3463292295310721,0.8662290140573926,1.8993546131019052,-0.4264940513390658
Santi Santos,24,Goalkeeper,Ligue 1,11.11,-0.680636914203138,-0.016867136475171893,-0.26478800163337246,-0.6650253999627043
Santi Lopez,31,Defender,Bundesliga,3.5,0.9504269611394308,-0.5202319422787338,2.115768874575433,-0.7842910742745237
Leo Lopez,19,Goalkeeper,Serie A,16.19,-0.45913441261340643,0.813243245025439,1.1676683005009305,-0.48612688849497543
Diego Santos,17,Midfielder,Bundesliga,30.46,-0.8719345292124516,-1.1119063631355521,-0.9964743142343474,2.3762492949886878
Hugo Santos,25,Forward,Serie A,31.64,-0.43899782155979444,-1.0765825171142496,-0.9449471091216027,1.123959714714585
Diego Martinez,25,Defender,Ligue 1,34.82,1.020905029827073,0.8397361295414157,0.6214799263058367,-0.6650253999627043
Marco Silva,33,Midfielder,La Liga,13.86,-0.680636914203138,1.007524398142603,-0.26478800163337246,-0.5457597256508852
Diego Garcia,22,Defender,La Liga,23.11,-0.4692027081402124,-1.6064402074337882,1.1573628594783818,-0.1879627027154273
Gabriel Fernandez,23,Forward,Premier League,12.02,-0.8920711202660636,-0.06985290550712582,0.3947602238097597,-0.009064191247698392
Marco Martinez,23,Goalkeeper,Bundesliga,15.66,-0.2174953199700629,0.813243245025439,-0.18234447345298085,-0.4264940513390658
Santi Diaz,34,Goalkeeper,Premier League,22.62,-1.757944535571378,0.5483143998656694,-0.11020638629513843,-0.1879627027154273
Gabriel Santos,24,Defender,Bundesliga,37.16,-0.06647088706797305,0.159752093631341,1.1058356543656367,-0.1879627027154273
Hugo Lopez,22,Defender,Ligue 1,4.67,-1.3552127144991386,-0.9176252100183878,-1.0995287244598368,2.256983620676868
Mateo Costa,24,Goalkeeper,La Liga,10.61,4.091735165502897,-0.37010559668819787,-0.05867918118239367,-0.06869702840360792
Diego Diaz,25,Goalkeeper,La Liga,39.89,-0.3987246394525705,0.583638245886972,1.1985846235685775,-0.5457597256508852
Santi Costa,23,Forward,Ligue 1,16.02,-0.9826857800073173,0.48649766932839,0.30201125460681943,-0.3668612141831562
Gabriel Diaz,17,Midfielder,La Liga,38.31,-0.8014564605248098,-0.4495842502361286,1.631413146515633,-0.2475955398713369
Lucas Silva,29,Defender,Ligue 1,33.61,-0.590022254461884,-0.8293155949651314,-1.1304450475274836,2.1973507835209585
Leo Oliveira,31,Midfielder,La Liga,14.83,-0.18729043338964493,-0.0345290594858232,-0.22356623754317667,-0.5457597256508852
Enzo Fernandez,29,Defender,Ligue 1,7.68,0.3362609340042661,-0.28179598163494135,0.09590243415584061,-0.5457597256508852
Enzo Lopez,22,Forward,La Liga,27.49,1.1417245761487445,-0.5290629037840594,-0.5018131451519982,-0.2475955398713369
Julian Garcia,28,Midfielder,La Liga,37.94,-1.6975347624105421,-1.138399247651529,-1.0376960783245432,-0.009064191247698392
Santi Rodriguez,31,Goalkeeper,Bundesliga,32.67,0.7691976416569234,0.9986934366372776,1.3325553568617137,-0.6650253999627043
Gabriel Oliveira,31,Goalkeeper,Premier League,30.12,-0.680636914203138,1.0428482441639055,0.9821703620950497,-0.5457597256508852
Julian Costa,25,Goalkeeper,Premier League,20.4,0.42687559374551975,0.5129905538443668,0.5081200750577982,-0.4264940513390658
Julian Lopez,32,Goalkeeper,Premier League,33.4,0.5174902534867739,1.1399888207224878,1.291333592771518,-0.5457597256508852
Gabriel Silva,25,Goalkeeper,Serie A,12.56,-0.25776850207728685,0.24806170868459754,0.4668983109676024,-0.48612688849497543
Gabriel Costa,20,Midfielder,Premier League,2.69,-0.8417296426320336,-0.9264561715237135,-1.1510559295725817,1.720288086273681
Santi Diaz,32,Goalkeeper,Premier League,7.0,-0.9424125979000935,0.29221651621122563,0.2401786084715257,-0.3668612141831562
Marco Diaz,24,Forward,Bundesliga,29.54,0.9705635521930428,-0.23764117410831306,0.2401786084715257,-0.724658237118614
Diego Garcia,29,Forward,Premier League,32.61,0.8094708237641474,-1.1648921321675059,1.1882791825460284,-0.6053925628067948
Lucas Diaz,26,Goalkeeper,Ligue 1,15.2,0.42687559374551975,-0.31711982765624397,0.7451452185764239,-0.7842910742745237
Mateo Fernandez,26,Defender,Premier League,23.07,-1.6773981713569301,-1.0500896325982725,-1.2025831346853262,1.123959714714585
Leo Rodriguez,19,Midfielder,La Liga,29.4,0.4872853669063557,2.5794355460905685,-0.2544825606108235,-0.48612688849497543
Leo Garcia,22,Goalkeeper,Serie A,13.87,-0.116812364702003,-1.085413478619575,1.3737771209519094,-0.5457597256508852
Hugo Fernandez,28,Defender,La Liga,24.99,-0.8417296426320336,1.016355359647929,2.0436307874175905,-0.5457597256508852
Enzo Diaz,28,Forward,Bundesliga,12.97,0.7188561640228933,-0.5202319422787338,-0.17203903243043192,0.3487328316877594
Leo Rodriguez,18,Goalkeeper,Premier League,20.24,0.9504269611394308,0.3893570927698076,1.8478274079891608,-0.5457597256508852
Marco Silva,20,Defender,Serie A,17.47,-0.17722213786283894,0.15092113212601535,-0.027762858114746814,-0.8439239114304332
Mateo Fernandez,29,Defender,Serie A,19.46,-0.2174953199700629,-1.085413478619575,-1.0376960783245432,0.587264180311398
Mateo Lopez,21,Goalkeeper,La Liga,31.97,-1.214256577123855,-1.244370785715437,-1.0273906373019943,1.6010224119618617
Hugo Martinez,19,Goalkeeper,Premier League,31.74,-0.45913441261340643,-1.412159054316624,-1.1304450475274836,0.4679985059995788
Leo Garcia,27,Midfielder,Premier League,21.05,0.8195391192909531,-0.37010559668819787,0.7760615416440707,-0.48612688849497543
Enzo Santos,30,Midfielder,Ligue 1,38.42,0.8094708237641474,0.8838909370680439,0.5287309571028961,-0.724658237118614
Gabriel Lopez,22,Forward,Ligue 1,16.08,-1.184051690543437,0.5218215153496927,0.034069788020546894,-0.7842910742745237
Mateo Rodriguez,32,Goalkeeper,Bundesliga,37.98,-0.8417296426320336,0.36286420825383087,0.08559699313329165,-0.5457597256508852
Marco Santos,29,Defender,La Liga,8.71,1.3028173045776403,0.2215688241686206,-0.31631520674611724,-0.009064191247698392
Leo Oliveira,27,Defender,Ligue 1,12.55,-0.660500323149526,0.08027344008341011,0.5287309571028961,-0.5457597256508852
Lucas Martinez,27,Goalkeeper,Ligue 1,18.27,-0.25776850207728685,-0.4849080962574312,1.07491933129799,-0.30722837702724654
Enzo Lopez,20,Forward,Premier League,29.45,0.7591293461301172,-0.6968511723852466,0.1989568443813299,-0.3668612141831562
Marco Silva,33,Midfielder,Premier League,19.32,-1.2948029413383029,-0.20231732808701045,2.476459310364646,-0.6053925628067948
Santi Oliveira,31,Forward,Serie A,28.98,-1.687466466883736,1.58153689598877,0.8791159518695603,-0.6053925628067948
Julian Santos,22,Defender,La Liga,29.83,-0.2779050931308986,0.4511738233070874,2.3321831360489607,-0.12832986555951761
Lucas Rodriguez,30,Defender,Serie A,6.69,-0.006061113907137338,-0.988272902060993,-1.223194016730424,1.720288086273681
Hugo Diaz,20,Goalkeeper,Ligue 1,31.34,-0.7913881649980038,-0.9971038635663187,-1.0273906373019943,2.3166164578327777
Marco Silva,32,Goalkeeper,La Liga,5.28,-0.8618662336856456,2.39398535447873,-0.3987587349265087,-0.30722837702724654
Hugo Diaz,25,Goalkeeper,La Liga,4.86,-0.9021394157928695,1.0428482441639055,1.3943880029970073,-0.5457597256508852
Hugo Martinez,33,Defender,Ligue 1,17.77,0.4671487758527437,1.3431009353449774,1.3222499158391645,-0.5457597256508852
Diego Oliveira,28,Defender,La Liga,1.43,2.9842226575542394,-0.6615273263639442,-0.06898462220494261,-0.4264940513390658
Hugo Garcia,24,Goalkeeper,La Liga,33.58,-1.184051690543437,-1.4033280928112983,-1.1098341654823858,0.4679985059995788
Enzo Fernandez,18,Midfielder,Bundesliga,27.38,4.242759598404987,-0.4495842502361286,-0.36784241185886185,-0.5457597256508852
Hugo Santos,19,Midfielder,Bundesliga,4.95,0.8396757103445651,1.104664974701185,0.2401786084715257,-0.48612688849497543
Santi Lopez,18,Defender,Bundesliga,5.69,0.5074219579599677,-0.21114828959233609,1.3119444748166158,-0.30722837702724654
Lucas Silva,34,Forward,Premier League,18.16,-1.3250078279187207,-0.1493315590550567,-0.5842566733323897,-0.5457597256508852
Julian Fernandez,19,Goalkeeper,Ligue 1,9.32,-1.173983395016631,-0.41426040421482596,0.22987316744897676,-0.5457597256508852
Leo Martinez,17,Midfielder,Premier League,18.06,1.60486617038182,0.42468093879111024,-0.22356623754317667,0.2294671573759402
Mateo Garcia,31,Midfielder,La Liga,35.13,-0.5296124813010481,0.6189620919082747,0.4875091930127003,-0.48612688849497543
Mateo Rodriguez,21,Midfielder,Ligue 1,20.33,-0.45913441261340643,-1.4474829003379268,-1.1613613705951304,0.6468970174673077
Leo Garcia,31,Defender,Ligue 1,21.26,-0.36851975287215255,-0.9176252100183878,-1.0583069603696411,0.7661626917791271
Marco Costa,18,Forward,Ligue 1,34.26,-0.610158845515496,-1.032427709587621,-0.9655579911667005,0.9450612032468558
Diego Fernandez,30,Forward,Premier League,16.69,1.383363668792088,-0.008036174969846238,-0.9346416680990538,-0.30722837702724654
Marco Oliveira,21,Midfielder,Bundesliga,17.18,-0.5094758902474363,-1.0942444401249007,-1.223194016730424,-1.8576821430808972
Hugo Costa,25,Goalkeeper,Ligue 1,17.09,-1.6773981713569301,0.1774140166419923,-0.08959550425004052,-0.6053925628067948
Gabriel Garcia,31,Goalkeeper,Premier League,24.72,-1.586783511615676,-0.6526963648586185,-0.18234447345298085,-0.5457597256508852
Julian Silva,33,Forward,La Liga,15.99,1.2222709403631924,-0.016867136475171893,-0.42967505799415556,-0.2475955398713369
Santi Costa,33,Goalkeeper,Serie A,32.99,-0.680636914203138,-1.0059348250716444,-0.9964743142343474,2.3762492949886878
Marco Rodriguez,33,Defender,Premier League,36.28,-0.9726174844805113,-1.1119063631355521,-1.0376960783245432,-0.7842910742745237
Julian Diaz,24,Midfielder,Premier League,19.54,0.36646582058468385,0.7337645914775079,0.7554506595989728,-0.6053925628067948
Enzo Garcia,28,Goalkeeper,Ligue 1,11.25,1.9673248093468352,-1.588778284423137,-0.2853988836784704,-0.4264940513390658
Enzo Garcia,26,Defender,Bundesliga,2.08,-1.133710212909407,-0.8116536719544801,-1.0995287244598368,0.8854283660909461
Gabriel Diaz,25,Midfielder,Ligue 1,10.37,-0.7813198694711978,-0.988272902060993,1.1367519774332837,-0.48612688849497543
Santi Diaz,21,Defender,La Liga,31.03,2.2492370840974023,-0.3082888661509183,-1.0995287244598368,-0.06869702840360792
Enzo Costa,30,Midfielder,Ligue 1,12.52,-0.35845145734534656,1.2636222817970468,0.5287309571028961,-0.724658237118614
Hugo Silva,27,Goalkeeper,Ligue 1,13.77,-0.42892952603298845,-1.1648921321675059,-1.1510559295725817,2.3762492949886878
Julian Santos,31,Goalkeeper,Bundesliga,36.27,-0.5799539589350781,-0.26413405862429,0.9615594800499518,-0.6650253999627043
Hugo Silva,17,Goalkeeper,La Liga,35.8,0.20537309215578844,-0.33478175066689525,-2.3877088522784544,-0.6053925628067948
Marco Silva,30,Forward,Premier League,4.01,-1.6572615803033182,-1.288525593242065,-1.0995287244598368,1.7799209234295907
Santi Costa,28,Defender,La Liga,17.46,-0.5698856634082721,-1.138399247651529,0.2814003725617215,-0.5457597256508852
Enzo Martinez,30,Defender,Serie A,25.16,-0.8719345292124516,-1.3856661698006472,0.5699527211930919,-0.6053925628067948
Julian Rodriguez,32,Midfielder,Serie A,14.07,-0.26783679760409285,1.917113433191145,0.4462874289225045,-0.9035567485863429
Enzo Santos,28,Defender,Bundesliga,4.38,-1.0934370308021832,-0.6968511723852466,-1.0995287244598368,1.6606552491177713
Marco Silva,31,Defender,Ligue 1,2.89,-0.5698856634082721,-1.3768352082953215,-1.078917842414739,1.9588194348973198
Mateo Lopez,24,Defender,Ligue 1,33.71,0.3463292295310721,1.1753126667437903,1.7550784387862204,-0.6053925628067948
Santi Rodriguez,27,Forward,La Liga,35.25,0.1550316145217585,-1.0059348250716444,-1.1098341654823858,3.56890603810688
Marco Rodriguez,32,Forward,Serie A,25.33,0.3161243429506541,1.78464901061126,0.2195677264264278,-0.5457597256508852
Julian Martinez,21,Midfielder,La Liga,18.48,-0.7712515739443918,0.18624497814731797,0.7245343365313259,-0.6053925628067948
Leo Costa,34,Forward,Ligue 1,19.32,0.7389927550765052,0.05378055556743315,0.889421392892109,-0.06869702840360792
Enzo Rodriguez,21,Goalkeeper,Bundesliga,26.32,0.6081049132280276,1.3077770893236749,0.7966724236891687,-0.7842910742745237
Diego Martinez,27,Defender,Premier League,20.84,-0.8417296426320336,-1.2796946317367395,-1.1716668116176796,0.587264180311398
Enzo Oliveira,22,Forward,La Liga,37.71,-0.5396807768278541,0.30104747771655127,-0.8625035809412113,-0.48612688849497543
Leo Rodriguez,28,Midfielder,Premier League,2.17,0.6785829819156693,0.08027344008341011,0.714228895508777,-0.4264940513390658
Diego Oliveira,33,Goalkeeper,Ligue 1,33.1,-1.0430955531681534,-1.3326804007686932,-1.2541103397980709,1.5413895748059518
Enzo Martinez,23,Forward,Ligue 1,16.04,-0.2174953199700629,0.20390690115796928,0.8481996288019131,-0.1879627027154273
Mateo Oliveira,19,Defender,La Liga,19.92,0.3362609340042661,0.0007947865354794167,-1.0170851962794452,-0.9035567485863429
Enzo Garcia,28,Defender,Serie A,5.15,-0.2779050931308986,-1.1472302091568547,-1.1304450475274836,2.6744134807682354
Julian Lopez,23,Forward,Premier League,18.18,-0.5497490723546601,-0.9441180945343648,-1.0273906373019943,2.0780851092091392
Julian Garcia,28,Defender,Bundesliga,22.0,-0.40879293497937647,0.1950759396526436,0.3947602238097597,-0.48612688849497543
Mateo Rodriguez,20,Forward,Premier League,11.0,0.38660241163829584,-1.1295682861462033,-1.0376960783245432,0.9450612032468558
Leo Oliveira,23,Forward,La Liga,21.46,-0.7309783918371678,0.2392307471792719,0.04437522904309585,-0.6053925628067948
Enzo Rodriguez,19,Midfielder,Bundesliga,3.6,-0.24770020655048086,-1.1030754016302264,-1.0170851962794452,0.7065298546232174
Lucas Costa,20,Midfielder,Serie A,0.99,-0.4893392991938244,-1.0500896325982725,-1.0583069603696411,0.8257955289350365
Hugo Rodriguez,21,Defender,Bundesliga,16.04,-0.8820028247392576,-1.1560611706621804,-1.3159429859333647,1.3624910633382232
Hugo Rodriguez,23,Forward,Premier League,21.92,-2.0398568103219454,1.4667343964195367,1.7344675567411225,-0.6650253999627043
Mateo Martinez,27,Midfielder,Ligue 1,24.04,-0.65043202762272,1.8376347796432135,1.4871369721999477,-0.48612688849497543
Julian Fernandez,22,Forward,Bundesliga,38.5,0.1650999100485645,0.9280457445946724,-0.09990094527258947,-0.30722837702724654
Leo Santos,28,Defender,Premier League,11.8,1.0108367343002667,1.5373820884621419,1.2810281517489688,-0.4264940513390658
Lucas Rodriguez,24,Midfielder,La Liga,11.61,-0.4994075947206304,-1.3326804007686932,-1.243804898775522,1.123959714714585
Leo Santos,32,Goalkeeper,La Liga,36.29,-1.0733004397485713,-0.8204846334598057,-1.0583069603696411,1.123959714714585
Leo Santos,24,Goalkeeper,Serie A,6.15,-0.9625491889537054,-1.3150184777580418,-1.0170851962794452,3.390007526639151
Diego Garcia,33,Defender,Premier League,20.06,0.12482672794134053,0.6542859379295772,0.6111744852832878,-1.0228224228981622
Marco Fernandez,29,Goalkeeper,Serie A,6.47,0.7490610506033114,0.5483143998656694,0.8481996288019131,-0.06869702840360792
Marco Diaz,25,Forward,La Liga,1.34,2.4808078812139405,-0.016867136475171893,0.4256765468774066,-0.1879627027154273
Leo Oliveira,17,Goalkeeper,Ligue 1,26.65,-0.8820028247392576,0.8044122835201132,-1.078917842414739,-0.3668612141831562
Gabriel Lopez,26,Defender,Ligue 1,38.11,-0.8920711202660636,0.8927218985733697,-0.347231529813764,-0.6650253999627043
Diego Martinez,18,Goalkeeper,Bundesliga,37.48,1.0913830985147146,0.29221651621122563,0.9718649210725006,0.1698343202200305
Mateo Garcia,31,Forward,Bundesliga,3.1,-0.2879733886577046,-1.465144823348578,-0.9449471091216027,1.9588194348973198
Mateo Santos,26,Defender,Ligue 1,38.1,0.7188561640228933,0.2392307471792719,-0.522424027197096,-0.30722837702724654
Santi Silva,32,Goalkeeper,Bundesliga,4.89,-0.126880660228809,-0.6173725188373159,-1.1098341654823858,-0.5457597256508852
Mateo Silva,26,Goalkeeper,La Liga,7.91,0.3161243429506541,0.636624014918926,0.1989568443813299,-0.6650253999627043
Gabriel Martinez,17,Midfielder,Bundesliga,27.13,-0.70077350525675,-1.1295682861462033,-1.2128885757078751,1.89918659774141
Marco Silva,21,Goalkeeper,Bundesliga,0.64,1.3330221911580584,-0.5378938652893851,-1.1304450475274836,-0.2475955398713369
Gabriel Silva,23,Midfielder,Ligue 1,14.85,2.138485833302537,-0.43192232722547724,-0.41936961697160663,-0.12832986555951761
Santi Garcia,30,Forward,Ligue 1,26.06,0.4067390026919078,0.8485670910467412,-0.1411227093627853,-0.06869702840360792
Hugo Martinez,18,Forward,Ligue 1,24.99,-0.036266000487555086,-1.7035807839923705,0.37414934176466186,-0.4264940513390658
Enzo Lopez,22,Forward,Serie A,30.5,-0.106744069175197,0.6542859379295772,-0.7903654937833685,-0.5457597256508852
Julian Rodriguez,33,Defender,Bundesliga,30.59,0.08455354583411658,-0.20231732808701045,-0.04837374015984472,-0.6053925628067948
Hugo Oliveira,25,Forward,La Liga,23.09,-0.056402591541167064,1.0428482441639055,-1.0376960783245432,-0.4264940513390658
Gabriel Costa,33,Forward,Serie A,25.24,2.138485833302537,-0.26413405862429,-0.5636457912872919,-0.3668612141831562
Diego Silva,17,Midfielder,Serie A,20.48,0.6282415042816396,-0.5025700192680825,-0.718227406625526,-0.7842910742745237
Leo Garcia,27,Forward,Ligue 1,29.65,-0.2779050931308986,-1.191385016683483,-1.223194016730424,1.243225389026404
Marco Rodriguez,20,Forward,Premier League,11.26,0.13489502346814652,-0.6791892493745953,0.1577350802911341,-0.06869702840360792
Lucas Fernandez,30,Forward,Premier League,2.93,-0.8417296426320336,-1.0147657865769701,-1.1407504885500326,1.89918659774141
Lucas Santos,33,Midfielder,Ligue 1,31.23,-1.204188281597049,-0.3789365581935235,0.7863669826666194,-0.4264940513390658
Marco Diaz,33,Midfielder,La Liga,23.1,0.6483780953352516,0.9192147830893465,1.3428607978842624,-0.8439239114304332
Marco Oliveira,32,Forward,Premier League,22.17,0.3563975250578781,-0.7763298259331776,-0.12051182731768738,-0.2475955398713369
Marco Diaz,32,Goalkeeper,La Liga,15.14,1.5142515106405658,0.8309051680360899,0.5184255160803471,-0.12832986555951761
Santi Oliveira,24,Defender,Serie A,8.54,-0.106744069175197,-0.7056821338905723,-0.3266206477686662,-0.30722837702724654
Gabriel Santos,34,Goalkeeper,La Liga,34.48,0.1550316145217585,-0.7056821338905723,0.5905636032381898,-0.5457597256508852
Diego Martinez,20,Forward,Premier League,6.98,-0.7813198694711978,-0.9617800175450161,-1.0583069603696411,2.3166164578327777
Diego Silva,33,Midfielder,La Liga,36.85,-0.42892952603298845,0.4070190157804589,0.8172833057342666,-0.724658237118614
Mateo Rodriguez,30,Midfielder,La Liga,5.22,-0.8417296426320336,-1.2267088627047855,-1.078917842414739,2.4358821321445974
Diego Fernandez,22,Forward,Premier League,4.41,-0.4692027081402124,1.387255742871606,-0.4708968220843513,-0.4264940513390658
Mateo Fernandez,23,Defender,Serie A,7.68,-1.0632321442217654,-1.2355398242101112,-1.243804898775522,-0.3668612141831562
Leo Costa,33,Forward,Premier League,27.74,0.024143772673280633,2.2085351628668914,0.013458905975448993,-0.48612688849497543
Marco Rodriguez,17,Goalkeeper,Serie A,10.23,1.041041620880685,-0.025698097980497547,0.3432330186970152,-0.6053925628067948
Julian Fernandez,27,Goalkeeper,Ligue 1,10.86,-0.9222760068464815,-1.0235967480822956,-1.2025831346853262,-0.12832986555951761
Mateo Silva,25,Defender,Serie A,36.71,0.44701218479913174,-0.6791892493745953,0.1577350802911341,-0.7842910742745237
Lucas Costa,17,Midfielder,Bundesliga,20.03,0.1650999100485645,0.7690884374988105,-0.6667002015127812,-0.2475955398713369
Enzo Garcia,20,Midfielder,Premier League,23.03,0.18523650110217646,0.5748072843816465,1.8993546131019052,-0.4264940513390658
