Player,Age,Position,League,MarketValue,scaled_ProgressivePasses,scaled_Tackles,scaled_Interceptions,scaled_xG,Role_ID,TacticalRole
Erling Haaland,25,Forward,Premier League,81.26,-0.2678367976040928,-0.9794419405556676,-0.9552525501441516,3.449640363795061,1,Deep Lying Playmaker
Kylian Mbappe,25,Forward,La Liga,75.12,-1.0531638486949593,-1.111906363135552,-1.1819722526402283,3.1514761780155127,1,Deep Lying Playmaker
Harry Kane,18,Forward,Bundesliga,127.03,-0.670568618676332,-1.2002159781888089,-1.1819722526402283,3.56890603810688,1,Deep Lying Playmaker
Mohamed Salah,30,Forward,Premier League,122.39,-0.4591344126134064,-1.0500896325982725,-1.0376960783245432,3.6285388752627896,1,Deep Lying Playmaker
Vinicius Jr,34,Forward,La Liga,51.46,-0.2980416841845106,-0.9529490560396904,-0.8728090219637602,2.674413480768236,1,Deep Lying Playmaker
Kevin De Bruyne,28,Midfielder,Premier League,124.48,3.115110499402717,-0.1051767515284284,-0.707921965602977,0.5276313431554883,3,Ball Playing Defender
Rodri,29,Midfielder,Premier League,64.25,-0.1872904333896449,1.2901151663130237,1.0543084492528922,-0.0686970284036079,0,Ball Winning Midfielder
Martin Odegaard,23,Midfielder,Premier League,101.08,2.8432665201789558,-0.0698529055071258,-0.2441771195882745,0.6468970174673077,3,Ball Playing Defender
Jude Bellingham,19,Midfielder,La Liga,114.56,-0.1872904333896449,1.23712939728107,1.095530213343088,-0.3668612141831562,0,Ball Winning Midfielder
Declan Rice,21,Midfielder,Premier League,126.72,0.4470121847991317,0.9457076676053237,0.8481996288019131,-0.3668612141831562,0,Ball Winning Midfielder
Toni Kroos,34,Midfielder,La Liga,103.35,2.410329812526298,-0.3612746351828722,0.2195677264264278,0.0505686459082113,3,Ball Playing Defender
Pedri,31,Midfielder,La Liga,131.98,2.047871173561283,-0.0698529055071258,-0.2750934426559214,-0.2475955398713369,3,Ball Playing Defender
Virgil van Dijk,24,Defender,Premier League,64.69,1.413568555372506,0.7514265144881592,1.044003008230343,-0.4264940513390658,3,Ball Playing Defender
William Saliba,23,Defender,Premier League,115.28,0.4872853669063557,0.3981880542751335,0.714228895508777,-0.724658237118614,0,Ball Winning Midfielder
Ruben Dias,32,Defender,Premier League,65.5,0.416807298218714,0.4511738233070874,1.5695805003803394,-0.3668612141831562,0,Ball Winning Midfielder
Kyle Walker,29,Defender,Premier League,104.8,1.423636850899312,1.528551126956816,1.631413146515633,-0.3668612141831562,0,Ball Winning Midfielder
Achraf Hakimi,31,Defender,Ligue 1,68.07,1.423636850899312,1.2901151663130237,1.6829403516283776,-0.7842910742745237,0,Ball Winning Midfielder
Alphonso Davies,26,Defender,Bundesliga,63.43,1.061178211934297,0.9457076676053237,0.5802581622156409,-0.4264940513390658,0,Ball Winning Midfielder
Alisson Becker,17,Goalkeeper,Premier League,136.02,-0.3282465707649286,1.431410550398234,1.5695805003803394,-0.7842910742745237,0,Ball Winning Midfielder
Thibaut Courtois,21,Goalkeeper,La Liga,67.03,-0.1872904333896449,2.5264497770586143,1.2707227107264198,0.0505686459082113,0,Ball Winning Midfielder
Ederson,17,Goalkeeper,Premier League,98.41,2.954017770973821,-0.6615273263639442,0.0031534649529,0.8257955289350365,3,Ball Playing Defender
Leo Santos,23,Defender,Serie A,12.01,-1.0531638486949593,-0.9706109790503418,-1.0995287244598368,2.4358821321445974,1,Deep Lying Playmaker
Diego Costa,27,Defender,Serie A,3.57,-1.1035053263289891,-1.3238494392633675,-1.233499457752973,1.1835925518704942,1,Deep Lying Playmaker
Leo Rodriguez,26,Forward,Serie A,29.45,-0.3785880483989585,-1.4209900158219495,-1.1922776936627772,2.0184522720532296,1,Deep Lying Playmaker
Diego Fernandez,27,Midfielder,Serie A,6.53,-0.3785880483989585,0.5748072843816465,-0.4193696169716066,-0.3668612141831562,2,Clinical Finisher
Enzo Martinez,33,Defender,Ligue 1,11.09,-0.5799539589350781,0.2480617086845975,2.156990638665629,-0.3072283770272465,0,Ball Winning Midfielder
Mateo Diaz,27,Goalkeeper,Serie A,25.62,-1.4357590787135863,-1.2178779011994598,-1.1098341654823858,0.8854283660909461,1,Deep Lying Playmaker
Julian Martinez,27,Midfielder,Bundesliga,16.21,0.1248267279413405,-0.3612746351828722,-0.0277628581147468,-0.3668612141831562,2,Clinical Finisher
Enzo Martinez,19,Forward,Bundesliga,37.11,0.37653411611149,-0.0875148285177771,-0.2750934426559214,-0.4861268884949754,2,Clinical Finisher
Gabriel Silva,19,Forward,Serie A,2.62,0.4067390026919078,-1.01476578657697,-0.151428150385334,-0.4861268884949754,2,Clinical Finisher
Julian Santos,25,Midfielder,Serie A,2.37,0.1852365011021764,-1.5534544384018345,-0.893419904008858,-0.1879627027154273,2,Clinical Finisher
Leo Lopez,19,Forward,Serie A,27.45,-0.8215930515784218,-1.111906363135552,-1.1407504885500326,3.1514761780155127,1,Deep Lying Playmaker
Leo Rodriguez,17,Defender,Premier League,34.24,-0.3483831618185405,0.3805261312644821,1.631413146515633,-0.6650253999627043,0,Ball Winning Midfielder
Lucas Fernandez,32,Goalkeeper,Serie A,5.15,0.8799488924517891,0.1155972861047127,0.7760615416440707,-0.8439239114304332,3,Ball Playing Defender
Hugo Lopez,33,Midfielder,La Liga,13.21,-0.3987246394525705,-1.041258671092947,-0.9449471091216028,1.7799209234295907,1,Deep Lying Playmaker
Lucas Martinez,31,Goalkeeper,Serie A,26.84,-1.5263737384548404,2.9768288138302226,2.6619572487705274,-0.6650253999627043,0,Ball Winning Midfielder
Diego Fernandez,34,Forward,Ligue 1,36.95,1.6250027614354314,-1.6241021304444396,0.2092622854038788,-0.7842910742745237,3,Ball Playing Defender
Diego Fernandez,30,Forward,Serie A,11.51,-0.3987246394525705,1.334269973839652,1.961187259237199,-0.3668612141831562,0,Ball Winning Midfielder
Enzo Costa,17,Midfielder,Premier League,8.19,0.6584463908620574,1.2282984357757445,2.476459310364646,-0.6053925628067948,0,Ball Winning Midfielder
Lucas Lopez,20,Defender,Bundesliga,11.78,-1.0430955531681534,-0.2288102126029874,2.187906961733276,-0.6053925628067948,0,Ball Winning Midfielder
Mateo Martinez,30,Defender,Serie A,22.46,0.6483780953352516,2.0760707402870064,-0.1205118273176873,-0.4264940513390658,0,Ball Winning Midfielder
Enzo Silva,19,Forward,Premier League,13.16,0.1449633189949525,0.6542859379295772,-0.0277628581147468,-0.0090641912476983,2,Clinical Finisher
Santi Santos,17,Forward,Ligue 1,2.99,2.359988334892269,-0.2464721356136387,1.1161410953881858,-0.1879627027154273,3,Ball Playing Defender
Leo Silva,23,Midfielder,Ligue 1,26.92,0.5275585490135797,-1.2355398242101112,-1.1613613705951304,1.3624910633382232,1,Deep Lying Playmaker
Julian Diaz,34,Goalkeeper,Serie A,0.66,-0.076539182594779,-1.2796946317367397,-1.1201396065049347,3.1514761780155127,1,Deep Lying Playmaker
Marco Fernandez,22,Forward,Premier League,38.38,-1.687466466883736,0.3187094007272025,0.7657561006215216,-0.7842910742745237,2,Clinical Finisher
Santi Diaz,24,Forward,Ligue 1,18.46,1.5545246927477898,-0.4230913657201516,-0.6254784374225855,-0.4861268884949754,3,Ball Playing Defender
Enzo Santos,28,Goalkeeper,La Liga,33.09,0.1348950234681465,-0.0168671364751718,-0.3575369708363129,-0.1283298655595176,2,Clinical Finisher
Mateo Garcia,26,Forward,Ligue 1,14.29,1.000768438773461,0.8485670910467412,-0.532729468219645,-0.1283298655595176,3,Ball Playing Defender
Hugo Diaz,19,Forward,Serie A,12.71,0.0342120682000866,-1.244370785715437,-1.2025831346853262,1.7799209234295907,1,Deep Lying Playmaker
Hugo Lopez,27,Midfielder,Premier League,24.54,-0.2376319110236748,-1.164892132167506,-1.1098341654823858,1.95881943489732,1,Deep Lying Playmaker
Hugo Lopez,18,Forward,Ligue 1,14.5,0.1046901368877285,0.6896097839508799,-0.5018131451519982,-0.6053925628067948,2,Clinical Finisher
Leo Diaz,27,Forward,Serie A,16.34,-0.5094758902474363,-1.191385016683483,-1.1201396065049347,1.89918659774141,1,Deep Lying Playmaker
Leo Costa,32,Forward,Premier League,18.58,-0.126880660228809,-0.961780017545016,-0.8625035809412113,-0.4264940513390658,2,Clinical Finisher
Diego Santos,28,Forward,Premier League,26.74,-1.1035053263289891,-1.085413478619575,-1.0995287244598368,0.3487328316877594,1,Deep Lying Playmaker
Gabriel Garcia,24,Defender,Bundesliga,4.67,-0.036266000487555,-0.8469775179757827,-0.9037253450314068,1.3028582261823136,1,Deep Lying Playmaker
Mateo Lopez,31,Defender,Premier League,13.13,-0.9826857800073172,-1.085413478619575,-1.0480015193470922,1.8395537605855004,1,Deep Lying Playmaker
Hugo Oliveira,30,Forward,Premier League,3.95,-0.5195441857742423,-1.3150184777580418,-1.0480015193470922,1.123959714714585,1,Deep Lying Playmaker
Gabriel Santos,33,Forward,Ligue 1,25.76,0.5275585490135797,1.484396319430188,-0.3575369708363129,-0.4264940513390658,0,Ball Winning Midfielder
Leo Silva,18,Forward,Bundesliga,38.71,-1.254529759231079,0.8485670910467412,-0.6048675553774875,-0.724658237118614,2,Clinical Finisher
Hugo Santos,30,Midfielder,Bundesliga,23.52,-0.4994075947206304,-1.0059348250716444,-1.1716668116176796,1.243225389026404,1,Deep Lying Playmaker
Santi Rodriguez,31,Defender,La Liga,19.18,-0.3584514573453465,-1.0500896325982725,-1.1613613705951304,1.6010224119618617,1,Deep Lying Playmaker
Hugo Silva,31,Defender,Serie A,12.96,-0.076539182594779,1.3519318968503031,0.734839777553875,-0.8439239114304332,0,Ball Winning Midfielder
Mateo Oliveira,23,Goalkeeper,Bundesliga,10.27,1.9874614004004472,-0.5025700192680825,0.7863669826666194,-0.0090641912476983,3,Ball Playing Defender
Marco Garcia,17,Midfielder,Serie A,29.34,-0.5598173678814661,-1.1737230936728316,-0.9346416680990538,0.3487328316877594,1,Deep Lying Playmaker
Marco Santos,29,Goalkeeper,La Liga,19.04,-0.590022254461884,-1.1207373246408776,-1.0273906373019943,1.5413895748059518,1,Deep Lying Playmaker
Santi Oliveira,27,Forward,Serie A,33.48,-0.630295436569108,-1.041258671092947,0.1886514033587809,-0.0686970284036079,2,Clinical Finisher
Santi Rodriguez,20,Defender,Bundesliga,39.92,-1.4961688518744225,-1.3680042467899958,-1.2644157808206198,-0.4861268884949754,2,Clinical Finisher
Enzo Fernandez,25,Forward,Ligue 1,20.75,-1.0934370308021832,1.8641276641591904,1.0027812441401476,-0.7842910742745237,0,Ball Winning Midfielder
Enzo Silva,33,Goalkeeper,Serie A,12.56,-0.7611832784175858,-1.5446234768965088,-0.8625035809412113,1.123959714714585,1,Deep Lying Playmaker
Enzo Garcia,33,Forward,La Liga,30.02,0.6181732087548334,-0.0875148285177771,1.2604172697038711,-0.6053925628067948,0,Ball Winning Midfielder
Mateo Santos,27,Forward,La Liga,15.63,0.4772170713795499,0.5571453613709952,0.0752915521107427,-0.6053925628067948,2,Clinical Finisher
Leo Silva,20,Defender,Premier League,13.39,0.1751682055753704,1.387255742871606,0.0134589059754489,-0.0686970284036079,0,Ball Winning Midfielder
Diego Lopez,26,Goalkeeper,Ligue 1,25.3,-0.4087929349793764,1.1929745897544417,2.105463433552885,-0.3668612141831562,0,Ball Winning Midfielder
Hugo Diaz,25,Goalkeeper,Ligue 1,7.53,-0.9021394157928696,0.3540332467485051,0.4875091930127003,-0.724658237118614,2,Clinical Finisher
Julian Oliveira,33,Goalkeeper,La Liga,33.37,-0.8618662336856456,-1.2267088627047855,-1.223194016730424,0.7065298546232174,1,Deep Lying Playmaker
Gabriel Martinez,28,Midfielder,Premier League,32.17,0.7289244595496995,-0.3082888661509183,2.3012668129813143,-0.7842910742745237,0,Ball Winning Midfielder
Hugo Rodriguez,30,Midfielder,Ligue 1,1.82,-0.9222760068464816,-0.0786838670124514,0.1371241982460362,-0.5457597256508852,2,Clinical Finisher
Santi Garcia,25,Midfielder,Ligue 1,34.23,-1.2847346458114968,1.4667343964195367,-0.6873110835578792,-0.3668612141831562,2,Clinical Finisher
Enzo Fernandez,23,Midfielder,Premier League,35.27,0.9000854835054011,-0.3347817506668952,-0.0999009452725894,0.2890999945318498,3,Ball Playing Defender
Leo Lopez,23,Goalkeeper,Ligue 1,24.34,0.2053730921557884,0.2215688241686206,-1.8930476831961047,-0.8439239114304332,2,Clinical Finisher
Gabriel Silva,27,Forward,Premier League,9.75,-0.8417296426320336,0.9015528600786952,1.5901913824254372,-0.4861268884949754,0,Ball Winning Midfielder
Hugo Oliveira,20,Midfielder,Serie A,21.48,-0.086607478121585,-0.8381465564704571,1.384082561974458,-0.4861268884949754,2,Clinical Finisher
Julian Martinez,18,Forward,Serie A,32.75,-1.2948029413383029,-1.041258671092947,-0.9243362270765048,1.6606552491177713,1,Deep Lying Playmaker
Leo Santos,21,Forward,Bundesliga,32.24,-0.7410466873639738,-1.1737230936728316,-1.0995287244598368,1.95881943489732,1,Deep Lying Playmaker
Enzo Rodriguez,17,Defender,Bundesliga,17.93,-0.5195441857742423,-0.9176252100183878,0.4462874289225045,-0.6650253999627043,2,Clinical Finisher
Hugo Oliveira,21,Goalkeeper,La Liga,14.61,-0.1671538423360329,-1.111906363135552,-0.9346416680990538,1.123959714714585,1,Deep Lying Playmaker
Mateo Martinez,18,Midfielder,La Liga,34.43,2.068007764614895,-0.1758244435710334,0.1783459623362319,-0.3668612141831562,3,Ball Playing Defender
Mateo Rodriguez,32,Defender,Ligue 1,25.15,1.3028173045776403,0.0714424785780844,0.6420908083509344,-0.3072283770272465,3,Ball Playing Defender
Mateo Costa,20,Midfielder,Ligue 1,7.69,3.155383681509941,0.2480617086845975,-0.2544825606108235,-0.3668612141831562,3,Ball Playing Defender
Gabriel Martinez,33,Defender,Premier League,28.79,0.416807298218714,1.2636222817970468,0.7966724236891687,-0.5457597256508852,0,Ball Winning Midfielder
Mateo Diaz,34,Forward,La Liga,8.8,-0.4591344126134064,0.7425955529828338,0.4050656648323087,-0.6650253999627043,0,Ball Winning Midfielder
Mateo Diaz,32,Defender,Bundesliga,21.65,1.7458223077571031,0.7779193990041364,-0.7285328476480748,-0.0090641912476983,3,Ball Playing Defender
Lucas Oliveira,34,Forward,Premier League,8.51,-0.3181782752381226,1.528551126956816,1.981798141282297,-0.3668612141831562,0,Ball Winning Midfielder
Hugo Garcia,33,Goalkeeper,La Liga,24.74,-0.620227141042302,-0.961780017545016,-1.0376960783245432,0.3487328316877594,1,Deep Lying Playmaker
Santi Silva,28,Forward,Ligue 1,0.85,0.3463292295310721,0.9545386291106492,0.2607894905166236,-0.8439239114304332,0,Ball Winning Midfielder
Gabriel Martinez,29,Forward,Premier League,38.82,0.2355779787362062,-0.9794419405556676,0.8481996288019131,-0.7842910742745237,2,Clinical Finisher
Julian Rodriguez,32,Midfielder,Ligue 1,16.53,1.061178211934297,0.9192147830893465,1.5592750593577902,-0.5457597256508852,0,Ball Winning Midfielder
Enzo Rodriguez,33,Defender,Bundesliga,7.74,0.0241437726732806,0.7955813220147877,-1.1613613705951304,-0.4861268884949754,2,Clinical Finisher
Diego Oliveira,26,Forward,Ligue 1,31.49,0.4570804803259379,0.7072717069615312,0.4978146340352493,-0.3668612141831562,0,Ball Winning Midfielder
Mateo Garcia,17,Midfielder,Serie A,23.74,-1.214256577123855,-1.2002159781888089,-1.0067797552568962,-0.3668612141831562,2,Clinical Finisher
Leo Lopez,22,Defender,Bundesliga,3.46,1.2726124179972225,1.431410550398234,-0.4296750579941555,-0.5457597256508852,3,Ball Playing Defender
Marco Diaz,33,Goalkeeper,Bundesliga,10.41,-0.690705209729944,1.5991988189994213,1.2810281517489688,-0.8439239114304332,0,Ball Winning Midfielder
Leo Garcia,23,Midfielder,La Liga,13.25,-1.254529759231079,-1.1030754016302264,-1.2128885757078751,0.1102014830641209,1,Deep Lying Playmaker
Santi Lopez,28,Defender,Serie A,39.9,1.2625441224704164,-0.5997105958266646,-0.5636457912872919,-0.6650253999627043,3,Ball Playing Defender
Enzo Fernandez,34,Defender,Serie A,30.3,0.4772170713795499,1.016355359647929,1.4871369721999477,-0.4861268884949754,0,Ball Winning Midfielder
Hugo Diaz,33,Defender,Serie A,3.82,-1.0531638486949593,-1.2708636702314136,-1.1922776936627772,-0.1879627027154273,2,Clinical Finisher
Santi Garcia,33,Midfielder,Premier League,16.05,-1.5263737384548404,0.0714424785780844,0.539036398125445,-0.3072283770272465,2,Clinical Finisher
Mateo Rodriguez,29,Midfielder,Bundesliga,3.93,0.3060560474238481,0.4335119002964361,0.734839777553875,-0.5457597256508852,0,Ball Winning Midfielder
Santi Diaz,22,Goalkeeper,Bundesliga,7.63,0.5879683221744156,3.0209836213568506,1.4149988850421054,-0.7842910742745237,0,Ball Winning Midfielder
Hugo Fernandez,24,Forward,Serie A,8.1,-0.8618662336856456,-0.9794419405556676,-0.5739512323098408,-0.6053925628067948,2,Clinical Finisher
Marco Martinez,34,Midfielder,La Liga,29.46,1.2021343493095804,0.3187094007272025,0.0959024341558406,0.1102014830641209,3,Ball Playing Defender
Julian Costa,22,Midfielder,Premier League,4.6,-0.2980416841845106,0.8220742065307645,0.2298731674489767,-0.724658237118614,0,Ball Winning Midfielder
Mateo Oliveira,17,Forward,La Liga,18.0,-0.7511149828907798,0.9457076676053237,1.105835654365637,-0.3072283770272465,0,Ball Winning Midfielder
Julian Silva,27,Goalkeeper,Bundesliga,29.57,0.3463292295310721,1.2724532433023723,2.414626664229353,-0.5457597256508852,0,Ball Winning Midfielder
Julian Santos,24,Defender,Premier League,5.2,-0.1772221378628389,-1.2090469396941343,-1.0273906373019943,-2.2751120031722647,2,Clinical Finisher
Julian Santos,22,Forward,La Liga,5.51,-1.405554192133169,0.7690884374988105,-0.2235662375431766,-0.724658237118614,2,Clinical Finisher
Diego Santos,24,Goalkeeper,Serie A,13.79,-0.3483831618185405,0.7425955529828338,0.1886514033587809,-0.6053925628067948,2,Clinical Finisher
Santi Rodriguez,17,Midfielder,Ligue 1,10.66,0.8296074148177593,-0.26413405862429,-0.5430349092421939,0.2294671573759402,3,Ball Playing Defender
Gabriel Santos,29,Goalkeeper,Premier League,32.75,0.5376268445403859,0.5041595923390413,0.4050656648323087,-0.6650253999627043,0,Ball Winning Midfielder
Leo Silva,17,Defender,Serie A,24.1,-1.0330272576413473,-0.8469775179757827,-1.2644157808206198,1.89918659774141,1,Deep Lying Playmaker
Lucas Silva,34,Defender,Ligue 1,31.32,0.1953047966289824,0.3716951697591565,-0.1720390324304319,-0.5457597256508852,2,Clinical Finisher
Lucas Rodriguez,22,Goalkeeper,Ligue 1,12.4,-1.0934370308021832,-1.2973565547473906,-1.0376960783245432,0.7661626917791271,1,Deep Lying Playmaker
Gabriel Rodriguez,29,Goalkeeper,La Liga,18.14,-0.1470172512824209,-0.3612746351828722,-0.6873110835578792,-0.4264940513390658,2,Clinical Finisher
Leo Diaz,17,Defender,La Liga,38.46,-0.4994075947206304,0.8573980525520671,-0.8521981399186622,-0.3668612141831562,2,Clinical Finisher
Santi Rodriguez,19,Defender,Ligue 1,6.31,-1.5062371474012284,0.5129905538443668,0.6008690442607387,-0.4861268884949754,2,Clinical Finisher
Marco Silva,29,Goalkeeper,Bundesliga,22.02,-0.046334296014361,0.8573980525520671,-0.4090641759490577,-0.1283298655595176,2,Clinical Finisher
Diego Costa,33,Midfielder,Serie A,24.15,1.363227077738476,-0.3789365581935235,0.4050656648323087,-0.4264940513390658,3,Ball Playing Defender
Enzo Silva,23,Goalkeeper,Premier League,10.01,2.8634031112325675,-0.0963457900231027,-0.2338716785657256,-0.0686970284036079,3,Ball Playing Defender
Diego Rodriguez,28,Forward,Bundesliga,3.27,-0.5296124813010481,0.2039069011579692,1.7550784387862204,-0.6650253999627043,0,Ball Winning Midfielder
Leo Santos,22,Midfielder,La Liga,19.51,-0.590022254461884,-1.4739757848539037,-1.078917842414739,1.6010224119618617,1,Deep Lying Playmaker
Marco Costa,31,Midfielder,Bundesliga,17.16,0.37653411611149,-0.8558084794811084,0.0340697880205468,-0.3668612141831562,2,Clinical Finisher
Diego Oliveira,17,Defender,Bundesliga,9.08,-0.640363732095914,1.3695938198609547,1.0027812441401476,-0.6053925628067948,0,Ball Winning Midfielder
Leo Santos,19,Forward,Premier League,10.6,-0.7813198694711978,-1.1737230936728316,-1.0583069603696411,1.8395537605855004,1,Deep Lying Playmaker
Gabriel Martinez,22,Forward,La Liga,32.34,-0.8115247560516158,1.837634779643213,-0.6048675553774875,-0.5457597256508852,2,Clinical Finisher
Marco Costa,22,Goalkeeper,La Liga,12.11,0.3161243429506541,-1.465144823348578,-1.2541103397980709,-0.8439239114304332,2,Clinical Finisher
Diego Rodriguez,27,Goalkeeper,La Liga,13.11,1.7357540122302977,-0.4495842502361286,0.4668983109676024,-0.1283298655595176,3,Ball Playing Defender
Mateo Silva,31,Forward,Serie A,9.08,1.1215879850951325,0.6277930534136,0.3432330186970152,-0.6053925628067948,3,Ball Playing Defender
Leo Silva,27,Goalkeeper,La Liga,1.03,0.1449633189949525,-0.3612746351828722,0.5493418391479941,-0.6650253999627043,2,Clinical Finisher
Lucas Lopez,21,Defender,Bundesliga,15.19,-0.1671538423360329,-1.1737230936728316,-1.089223283437288,1.3028582261823136,1,Deep Lying Playmaker
Enzo Santos,28,Forward,Premier League,2.84,0.3563975250578781,-0.4849080962574312,0.1062078751783895,-0.3668612141831562,2,Clinical Finisher
Marco Martinez,26,Forward,Premier League,25.67,1.2927490090508345,-0.0875148285177771,-0.3884532939039598,-0.4264940513390658,3,Ball Playing Defender
Gabriel Oliveira,23,Goalkeeper,Premier League,30.57,-0.4893392991938244,-1.0589205941035984,-1.0480015193470922,-0.1879627027154273,2,Clinical Finisher
Diego Costa,31,Defender,Ligue 1,23.09,1.2524758269436105,0.1509211321260153,-0.4915077041294491,-0.9035567485863428,3,Ball Playing Defender
Julian Silva,32,Defender,Premier League,20.44,-0.106744069175197,-1.2973565547473906,0.1371241982460362,-0.5457597256508852,2,Clinical Finisher
Leo Oliveira,34,Defender,Serie A,2.77,0.0845535458341165,0.6631168994349027,1.5489696183352415,-0.9631895857422526,0,Ball Winning Midfielder
Lucas Costa,21,Defender,Bundesliga,4.63,-0.3886563439257645,-1.4563138618432525,-1.2128885757078751,1.95881943489732,1,Deep Lying Playmaker
Diego Garcia,18,Goalkeeper,Premier League,37.18,0.2456462742630122,0.2039069011579692,-0.3266206477686662,-0.6650253999627043,2,Clinical Finisher
Gabriel Rodriguez,30,Defender,Serie A,4.12,-1.173983395016631,-0.9794419405556676,1.796300202876416,-0.3072283770272465,2,Clinical Finisher
Lucas Lopez,34,Midfielder,La Liga,36.46,0.0744852503073105,-0.7586679029225263,-1.0376960783245432,2.734046317924145,1,Deep Lying Playmaker
Diego Costa,20,Goalkeeper,Premier League,18.87,-0.4893392991938244,-0.9971038635663187,-1.0273906373019943,2.376249294988688,1,Deep Lying Playmaker
Mateo Costa,34,Goalkeeper,Bundesliga,27.65,-0.2980416841845106,-1.067751555608924,-0.9861688732117984,1.3624910633382232,1,Deep Lying Playmaker
Enzo Diaz,32,Forward,La Liga,3.13,0.4872853669063557,-0.5114009807734081,0.1577350802911341,-0.6650253999627043,2,Clinical Finisher
Lucas Silva,29,Goalkeeper,Bundesliga,28.07,-0.7309783918371678,0.1155972861047127,-0.5636457912872919,-0.7842910742745237,2,Clinical Finisher
Diego Rodriguez,18,Goalkeeper,Serie A,36.97,3.1352470904563288,0.106766324599387,-0.6048675553774875,0.1102014830641209,3,Ball Playing Defender
Marco Garcia,32,Defender,La Liga,5.92,-1.6572615803033182,0.0449495940621076,0.6936180134636791,-0.4861268884949754,2,Clinical Finisher
Diego Diaz,18,Defender,Ligue 1,24.5,-0.7611832784175858,1.4932272809355134,1.07491933129799,-0.5457597256508852,0,Ball Winning Midfielder
Gabriel Diaz,27,Defender,Serie A,5.55,0.396670707165102,-1.2532017472207626,-1.0376960783245432,1.422123900494133,1,Deep Lying Playmaker
Gabriel Diaz,31,Midfielder,Bundesliga,9.55,-0.3282465707649286,-0.9264561715237136,-1.1510559295725815,1.6010224119618617,1,Deep Lying Playmaker
Marco Garcia,32,Defender,Ligue 1,3.3,1.423636850899312,-0.741005979911875,0.1783459623362319,-0.9035567485863428,3,Ball Playing Defender
Diego Rodriguez,23,Defender,La Liga,27.51,-0.1872904333896449,1.3695938198609547,1.064613890275441,-0.4264940513390658,0,Ball Winning Midfielder
Santi Oliveira,20,Defender,Ligue 1,14.92,-2.331837380599319,0.2480617086845975,-0.8109763758284665,-0.4861268884949754,2,Clinical Finisher
Enzo Fernandez,18,Midfielder,Serie A,30.94,-0.1973587289164509,1.528551126956816,-1.1716668116176796,-0.4264940513390658,2,Clinical Finisher
Leo Oliveira,21,Goalkeeper,Ligue 1,39.19,0.0241437726732806,-1.01476578657697,0.6420908083509344,-0.4264940513390658,2,Clinical Finisher
Mateo Rodriguez,18,Goalkeeper,Premier League,19.29,-0.3685197528721525,1.0693411286798824,0.5287309571028961,-0.3072283770272465,0,Ball Winning Midfielder
Hugo Santos,18,Midfielder,La Liga,9.55,-0.4087929349793764,1.4579034349142113,0.1886514033587809,-0.724658237118614,0,Ball Winning Midfielder
Hugo Diaz,17,Goalkeeper,Ligue 1,9.52,-1.5163054429280345,-1.0059348250716444,-1.089223283437288,1.6010224119618617,1,Deep Lying Playmaker
Mateo Martinez,25,Midfielder,Serie A,35.79,1.7156174211766857,-0.1846554050763591,-0.4399804990167045,0.2294671573759402,3,Ball Playing Defender
Gabriel Diaz,30,Midfielder,La Liga,1.26,0.1147584324145345,0.9457076676053237,-1.4602191602490495,-0.3072283770272465,2,Clinical Finisher
Julian Lopez,22,Defender,Serie A,20.21,-0.3685197528721525,-1.138399247651529,-0.9346416680990538,-0.4861268884949754,2,Clinical Finisher
Lucas Santos,20,Goalkeeper,Ligue 1,26.66,-0.5598173678814661,-0.988272902060993,-1.1098341654823858,0.8854283660909461,1,Deep Lying Playmaker
Enzo Garcia,30,Midfielder,Serie A,7.7,-0.4389978215597944,0.813243245025439,1.4974424132224968,-0.6650253999627043,0,Ball Winning Midfielder
Julian Lopez,27,Forward,Premier League,32.93,0.3563975250578781,0.8220742065307645,-0.2338716785657256,-0.724658237118614,2,Clinical Finisher
Hugo Garcia,32,Midfielder,Bundesliga,25.3,-0.5296124813010481,-1.4474829003379268,-1.2025831346853262,0.5276313431554883,1,Deep Lying Playmaker
Lucas Santos,34,Forward,Serie A,26.05,-0.3987246394525705,1.528551126956816,-0.7594491707157217,-0.2475955398713369,2,Clinical Finisher
Lucas Lopez,21,Forward,Ligue 1,27.96,0.0342120682000866,0.7249336299721825,0.2814003725617215,-0.6650253999627043,0,Ball Winning Midfielder
Mateo Oliveira,28,Defender,Premier League,17.81,-0.026197704960749,-0.7763298259331776,-0.4502859400392535,-0.9035567485863428,2,Clinical Finisher
Enzo Lopez,22,Forward,Ligue 1,19.36,0.2355779787362062,0.6189620919082747,-0.4605913810618024,-0.6053925628067948,2,Clinical Finisher
Lucas Oliveira,19,Forward,Serie A,6.72,0.4973536624331619,0.7779193990041364,-0.532729468219645,-0.1879627027154273,2,Clinical Finisher
Julian Costa,20,Goalkeeper,La Liga,15.98,2.098212651195313,0.4953286308337155,-0.9449471091216028,-0.4264940513390658,3,Ball Playing Defender
Lucas Santos,26,Forward,Serie A,27.13,-0.2879733886577046,0.3275403622325282,-0.0277628581147468,-0.7842910742745237,2,Clinical Finisher
Santi Rodriguez,31,Defender,La Liga,27.95,1.7558906032839094,0.1950759396526436,-0.1926499144755298,-0.1283298655595176,3,Ball Playing Defender
Hugo Garcia,31,Forward,Bundesliga,12.71,-0.9122077113196756,1.2812842048076982,-1.243804898775522,-0.724658237118614,2,Clinical Finisher
Enzo Fernandez,25,Midfielder,Bundesliga,19.79,0.2154413876825944,0.5659763228763207,-0.2957043247010193,-0.5457597256508852,2,Clinical Finisher
Julian Martinez,22,Goalkeeper,Bundesliga,3.2,-2.2814959029652893,-1.067751555608924,-1.2128885757078751,2.1973507835209585,1,Deep Lying Playmaker
Lucas Fernandez,30,Midfielder,Premier League,20.18,0.7691976416569234,0.036118632556782,-0.0895955042500405,-0.3668612141831562,3,Ball Playing Defender
Diego Silva,34,Midfielder,Bundesliga,18.61,-0.60009054998869,-0.1846554050763591,1.1882791825460284,-0.6053925628067948,0,Ball Winning Midfielder
Lucas Fernandez,23,Midfielder,Premier League,0.73,-0.2477002065504808,1.2901151663130237,-1.4911354833166963,-0.4264940513390658,2,Clinical Finisher
Marco Oliveira,28,Forward,La Liga,16.37,-0.680636914203138,-1.4209900158219495,-0.9861688732117984,0.2890999945318498,1,Deep Lying Playmaker
Gabriel Oliveira,23,Goalkeeper,Ligue 1,29.3,-0.3886563439257645,1.9700992022230983,0.4772037519901513,-0.724658237118614,0,Ball Winning Midfielder
Leo Oliveira,18,Defender,Serie A,1.03,-0.9021394157928696,-0.211148289592336,0.4565928699450534,-0.5457597256508852,2,Clinical Finisher
Hugo Rodriguez,22,Forward,Premier League,12.49,0.3161243429506541,0.5129905538443668,-1.2541103397980709,-0.4861268884949754,2,Clinical Finisher
Lucas Martinez,23,Goalkeeper,Ligue 1,8.53,0.980631847719849,-2.145128859258653,-0.8418926988961133,0.2294671573759402,1,Deep Lying Playmaker
Julian Rodriguez,28,Goalkeeper,Bundesliga,2.73,0.1751682055753704,0.8573980525520671,0.3741493417646618,-0.0090641912476983,0,Ball Winning Midfielder
Leo Costa,21,Forward,Bundesliga,23.68,-0.2980416841845106,1.157650743733139,0.2607894905166236,-0.5457597256508852,0,Ball Winning Midfielder
Santi Garcia,27,Defender,Bundesliga,25.6,-0.0161294094339433,-0.7056821338905723,0.8172833057342666,-0.4264940513390658,2,Clinical Finisher
Marco Fernandez,31,Forward,La Liga,19.66,-0.076539182594779,1.3166080508290008,-0.1102063862951384,-0.7842910742745237,0,Ball Winning Midfielder
Lucas Diaz,33,Midfielder,Ligue 1,10.53,-0.2779050931308986,-0.8999632870077365,-1.0583069603696411,1.0046940404027656,1,Deep Lying Playmaker
Julian Oliveira,29,Midfielder,La Liga,13.72,-0.7410466873639738,-1.191385016683483,-1.1304450475274836,2.0184522720532296,1,Deep Lying Playmaker
Enzo Oliveira,17,Defender,Ligue 1,9.55,0.5476951400671917,0.7867503605094619,0.0649861110881937,-0.724658237118614,0,Ball Winning Midfielder
Leo Diaz,23,Forward,La Liga,33.64,-0.8719345292124516,-1.1560611706621804,-1.233499457752973,1.1835925518704942,1,Deep Lying Playmaker
Santi Martinez,21,Midfielder,Premier League,38.72,0.3161243429506541,1.3519318968503031,1.1676683005009303,-0.6053925628067948,0,Ball Winning Midfielder
Diego Costa,24,Goalkeeper,Serie A,8.04,-0.590022254461884,0.3452022852431795,0.1783459623362319,-0.3072283770272465,2,Clinical Finisher
Gabriel Rodriguez,20,Goalkeeper,Premier League,9.0,0.2758511608434301,-0.290626943140267,-0.2544825606108235,-0.6650253999627043,2,Clinical Finisher
Santi Oliveira,27,Midfielder,La Liga,3.53,-0.9323443023732876,-1.1737230936728316,-0.9140307860539558,1.89918659774141,1,Deep Lying Playmaker
Santi Fernandez,19,Defender,Bundesliga,10.99,-0.7712515739443918,-0.26413405862429,0.0237643469979979,-0.6650253999627043,2,Clinical Finisher
Hugo Silva,21,Goalkeeper,Bundesliga,12.01,0.4570804803259379,2.2085351628668914,0.6317853673283854,-0.8439239114304332,0,Ball Winning Midfielder
Hugo Lopez,24,Midfielder,Ligue 1,32.1,-0.4389978215597944,0.5924692073922979,-0.3369260887912151,-0.3072283770272465,2,Clinical Finisher
Leo Santos,26,Goalkeeper,Ligue 1,1.03,0.5779000266476099,0.1862449781473179,1.044003008230343,-0.6053925628067948,0,Ball Winning Midfielder
Julian Fernandez,28,Defender,Serie A,11.75,0.7490610506033114,-0.0610219440018001,0.1989568443813299,-0.4861268884949754,3,Ball Playing Defender
Lucas Costa,23,Goalkeeper,Bundesliga,32.0,1.7055491256498794,-0.7851607874385031,-0.6357838784451344,-0.0686970284036079,3,Ball Playing Defender
Lucas Diaz,31,Goalkeeper,Bundesliga,35.93,-0.670568618676332,0.5748072843816465,-0.0277628581147468,-0.724658237118614,2,Clinical Finisher
Marco Garcia,18,Goalkeeper,Bundesliga,31.5,-0.590022254461884,1.2812842048076982,-0.2441771195882745,-0.724658237118614,2,Clinical Finisher
Diego Lopez,33,Midfielder,Ligue 1,33.03,0.0543486592536986,1.4490724734088851,1.044003008230343,-0.6650253999627043,0,Ball Winning Midfielder
Leo Oliveira,17,Goalkeeper,Ligue 1,15.52,0.0644169547805045,-0.0610219440018001,1.4149988850421054,-0.724658237118614,0,Ball Winning Midfielder
Enzo Santos,17,Defender,Premier League,39.22,0.0442803637268926,3.2682505435059683,-0.2544825606108235,-0.6053925628067948,0,Ball Winning Midfielder
Marco Lopez,17,Forward,Bundesliga,14.82,-0.8215930515784218,-1.3238494392633675,-1.0583069603696411,2.3166164578327777,1,Deep Lying Playmaker
Leo Costa,19,Goalkeeper,Bundesliga,9.99,0.3161243429506541,-1.067751555608924,-0.9758634321892494,2.0780851092091392,1,Deep Lying Playmaker
Leo Costa,18,Forward,La Liga,6.72,1.463910033006536,-0.8028227104491544,0.3329275776744663,-0.1879627027154273,3,Ball Playing Defender
Enzo Costa,19,Midfielder,Premier League,32.43,-0.3081099797113166,0.3893570927698076,0.920337715959756,-0.3072283770272465,0,Ball Winning Midfielder
Santi Diaz,18,Midfielder,La Liga,24.74,-0.1872904333896449,0.5483143998656694,1.0543084492528922,-0.724658237118614,0,Ball Winning Midfielder
Santi Fernandez,33,Midfielder,Serie A,18.17,-1.546510329508452,1.7669870876006084,0.1062078751783895,-0.4264940513390658,0,Ball Winning Midfielder
Mateo Garcia,17,Forward,La Liga,6.87,-0.4591344126134064,-0.3259507891615696,0.714228895508777,-0.6650253999627043,2,Clinical Finisher
Gabriel Santos,34,Midfielder,Serie A,22.36,-1.3350761234455266,-0.7763298259331776,-1.0170851962794452,1.7799209234295907,1,Deep Lying Playmaker
Marco Garcia,33,Defender,Serie A,22.85,-0.5698856634082721,0.2657236316952489,0.9821703620950496,-0.9035567485863428,0,Ball Winning Midfielder
Diego Garcia,23,Goalkeeper,La Liga,23.05,0.4369438892723259,-0.1934863665816847,-0.4090641759490577,-0.3668612141831562,2,Clinical Finisher
Lucas Lopez,34,Goalkeeper,Bundesliga,24.69,-0.9726174844805112,0.1862449781473179,1.4871369721999477,-0.724658237118614,0,Ball Winning Midfielder
Marco Fernandez,26,Goalkeeper,Premier League,14.9,1.6250027614354314,0.3540332467485051,-0.4296750579941555,-0.1879627027154273,3,Ball Playing Defender
Hugo Fernandez,30,Midfielder,Ligue 1,37.42,-0.1671538423360329,0.2568926701899232,1.2088900645911262,-0.4861268884949754,0,Ball Winning Midfielder
Lucas Costa,33,Defender,Bundesliga,31.23,-0.3081099797113166,0.2480617086845975,-0.3575369708363129,-0.5457597256508852,2,Clinical Finisher
Lucas Garcia,32,Defender,Serie A,37.93,-0.3081099797113166,0.5748072843816465,1.291333592771518,-0.6650253999627043,0,Ball Winning Midfielder
Mateo Costa,19,Forward,La Liga,14.57,0.4872853669063557,1.1664817052384648,2.1982124027558245,-0.724658237118614,0,Ball Winning Midfielder
Hugo Costa,19,Midfielder,Premier League,12.2,-0.2779050931308986,-0.8734704024917597,-0.1308172683402363,-0.6650253999627043,2,Clinical Finisher
Gabriel Martinez,20,Forward,Serie A,35.49,-0.1872904333896449,0.0537805555674331,1.7859947618538672,-0.5457597256508852,0,Ball Winning Midfielder
Hugo Rodriguez,24,Goalkeeper,Serie A,30.3,-0.116812364702003,-0.9176252100183878,-1.1819722526402283,0.3487328316877594,1,Deep Lying Playmaker
Julian Fernandez,21,Forward,La Liga,28.74,-0.2074270244432569,-1.2090469396941343,-1.06861240139219,0.9450612032468558,1,Deep Lying Playmaker
Leo Costa,23,Goalkeeper,Premier League,37.64,0.0342120682000866,-1.3238494392633675,-0.1823444734529808,-0.6650253999627043,2,Clinical Finisher
Lucas Diaz,26,Goalkeeper,Bundesliga,34.32,-1.2746663502846909,0.583638245886972,-0.4193696169716066,-0.1879627027154273,2,Clinical Finisher
Julian Fernandez,19,Forward,Premier League,31.31,-0.640363732095914,-0.8469775179757827,-0.9861688732117984,0.2890999945318498,1,Deep Lying Playmaker
Mateo Santos,19,Midfielder,Serie A,18.27,0.8094708237641474,1.616860742010073,-1.243804898775522,-0.724658237118614,2,Clinical Finisher
Enzo Oliveira,27,Forward,Premier League,26.68,-0.3886563439257645,2.261520931898845,0.3844547827872108,-0.7842910742745237,0,Ball Winning Midfielder
Santi Santos,19,Forward,La Liga,35.33,-0.5497490723546601,-1.1472302091568547,-0.8831144629863091,1.123959714714585,1,Deep Lying Playmaker
Mateo Garcia,21,Midfielder,Serie A,9.24,-0.2477002065504808,0.7779193990041364,0.8791159518695603,-0.724658237118614,0,Ball Winning Midfielder
Leo Silva,19,Goalkeeper,Premier League,19.78,0.7994025282373411,-0.6791892493745953,-0.2029553554980787,-0.4264940513390658,3,Ball Playing Defender
Lucas Fernandez,31,Forward,Ligue 1,16.59,-0.8014564605248098,-0.2994579046455926,0.1886514033587809,0.2890999945318498,2,Clinical Finisher
Diego Lopez,18,Forward,Bundesliga,18.31,0.1046901368877285,0.2392307471792719,3.177229299897974,-0.5457597256508852,0,Ball Winning Midfielder
Diego Garcia,31,Midfielder,La Liga,5.82,0.0744852503073105,1.0340172826585805,0.1165133162009382,-0.4861268884949754,0,Ball Winning Midfielder
Gabriel Oliveira,34,Defender,Premier League,25.36,-0.8920711202660636,1.431410550398234,0.3123166956293683,-0.6650253999627043,0,Ball Winning Midfielder
Hugo Silva,33,Goalkeeper,Premier League,25.21,1.6451393524890434,0.3716951697591565,0.1474296392685851,-0.1283298655595176,3,Ball Playing Defender
Gabriel Rodriguez,21,Midfielder,La Liga,35.28,-1.8586274908394376,-0.0963457900231027,0.2710949315391726,-0.6650253999627043,2,Clinical Finisher
Enzo Garcia,30,Defender,Premier League,34.07,-0.026197704960749,0.0891044015887357,0.5081200750577982,-0.7842910742745237,2,Clinical Finisher
Leo Silva,33,Defender,Serie A,17.46,0.1953047966289824,-0.3701055966881978,-0.7594491707157217,-0.724658237118614,2,Clinical Finisher
Santi Silva,33,Forward,La Liga,7.16,0.6987195729692813,1.5108892039461648,1.229500946636224,-0.724658237118614,0,Ball Winning Midfielder
Santi Rodriguez,20,Midfielder,Serie A,39.41,-1.123641917382601,-1.0059348250716444,-1.0273906373019943,1.481756737650043,1,Deep Lying Playmaker
Enzo Silva,20,Defender,Serie A,19.54,0.3261926384774601,0.7779193990041364,-0.9140307860539558,-0.6650253999627043,2,Clinical Finisher
Gabriel Diaz,26,Defender,Serie A,28.85,0.1852365011021764,2.2173661243722167,-0.0483737401598447,-0.4861268884949754,0,Ball Winning Midfielder
Julian Fernandez,33,Defender,Serie A,25.72,0.0644169547805045,-0.8558084794811084,-1.1201396065049347,1.6606552491177713,1,Deep Lying Playmaker
Mateo Lopez,18,Goalkeeper,Ligue 1,35.04,-0.2074270244432569,-1.1737230936728316,-1.223194016730424,2.555147806456416,1,Deep Lying Playmaker
Gabriel Rodriguez,19,Goalkeeper,Serie A,16.25,-0.65043202762272,1.2901151663130237,0.5699527211930919,-0.4861268884949754,0,Ball Winning Midfielder
Gabriel Santos,26,Midfielder,La Liga,15.01,-0.60009054998869,0.9986934366372776,1.8890491720793563,-0.8439239114304332,0,Ball Winning Midfielder
Hugo Lopez,18,Goalkeeper,Bundesliga,1.31,-0.4792710036670184,0.4070190157804589,-0.0174574170921978,-0.3072283770272465,2,Clinical Finisher
Gabriel Diaz,33,Forward,Ligue 1,13.26,0.2859194563702361,1.1134959362065109,1.8581328490117093,-0.6053925628067948,0,Ball Winning Midfielder
Santi Diaz,22,Goalkeeper,Premier League,19.13,0.8698805969249829,-0.8116536719544801,0.539036398125445,-0.9035567485863428,3,Ball Playing Defender
Hugo Rodriguez,26,Forward,Bundesliga,0.66,2.994290953081045,0.1774140166419923,-0.3369260887912151,-0.2475955398713369,3,Ball Playing Defender
Gabriel Lopez,24,Defender,Premier League,24.58,-1.0330272576413473,-1.2090469396941343,-1.0583069603696411,0.1102014830641209,1,Deep Lying Playmaker
Diego Costa,21,Goalkeeper,Bundesliga,34.78,-0.3383148662917346,-0.4407532887308029,0.4153711058548576,-1.0228224228981622,2,Clinical Finisher
Enzo Diaz,23,Goalkeeper,Premier League,14.03,-0.076539182594779,-0.4142604042148259,0.1577350802911341,-0.4861268884949754,2,Clinical Finisher
Lucas Diaz,20,Goalkeeper,Premier League,39.13,-0.7611832784175858,-0.1051767515284284,0.2092622854038788,-0.6650253999627043,2,Clinical Finisher
Gabriel Garcia,17,Midfielder,Bundesliga,24.19,0.6383097998084454,0.3805261312644821,0.0134589059754489,-0.6650253999627043,2,Clinical Finisher
Mateo Santos,34,Defender,Premier League,24.75,1.343090486684864,-0.2729650201296156,0.4565928699450534,-0.1879627027154273,3,Ball Playing Defender
Enzo Silva,21,Defender,Serie A,16.22,0.0845535458341165,-0.9441180945343648,-0.2235662375431766,-0.2475955398713369,2,Clinical Finisher
Leo Fernandez,20,Defender,Premier League,39.96,1.1819977582559684,0.0891044015887357,0.9306431569823048,-0.8439239114304332,3,Ball Playing Defender
Santi Santos,19,Defender,Ligue 1,15.97,-0.9222760068464816,-1.1737230936728316,-1.0995287244598368,2.376249294988688,1,Deep Lying Playmaker
Santi Rodriguez,18,Defender,Ligue 1,38.78,1.393431964318894,0.3628642082538308,1.0130866851626965,-0.724658237118614,3,Ball Playing Defender
Hugo Martinez,18,Forward,Serie A,38.88,0.3261926384774601,0.4600047848124128,-0.6976165245804281,-0.6650253999627043,2,Clinical Finisher
Gabriel Diaz,23,Goalkeeper,Ligue 1,35.2,-0.076539182594779,-1.262032708726088,-0.9655579911667004,3.211109015171422,1,Deep Lying Playmaker
Mateo Santos,29,Forward,Serie A,37.82,-1.3451444189723327,-0.3259507891615696,-1.315942985933365,-0.7842910742745237,2,Clinical Finisher
Hugo Oliveira,20,Midfielder,Serie A,1.55,-0.2376319110236748,1.9700992022230983,0.0959024341558406,-0.9035567485863428,0,Ball Winning Midfielder
Gabriel Silva,20,Defender,La Liga,34.72,-0.3785880483989585,-0.1228386745390797,0.7039234544862281,-0.6650253999627043,2,Clinical Finisher
Mateo Diaz,22,Forward,Serie A,8.11,-1.244461463704273,-1.712411745497696,-1.1407504885500326,1.6606552491177713,1,Deep Lying Playmaker
Hugo Fernandez,34,Midfielder,Bundesliga,30.28,0.2557145697898181,0.0007947865354794,1.1882791825460284,-0.3668612141831562,0,Ball Winning Midfielder
Lucas Costa,33,Midfielder,La Liga,23.19,1.9975296959272528,0.0272876710514563,0.940948598004854,-0.724658237118614,3,Ball Playing Defender
Leo Costa,18,Forward,Serie A,9.12,-2.331837380599319,1.5903678574940958,-0.0895955042500405,-0.6053925628067948,2,Clinical Finisher
Hugo Diaz,17,Defender,La Liga,28.94,-0.8517979381588396,-1.1030754016302264,-1.223194016730424,1.243225389026404,1,Deep Lying Playmaker
Julian Lopez,29,Defender,Premier League,1.82,1.5947978748550138,1.1488197822278134,1.384082561974458,-0.4861268884949754,0,Ball Winning Midfielder
Gabriel Santos,29,Midfielder,Serie A,1.15,-1.2746663502846909,-1.111906363135552,-1.2541103397980709,0.9450612032468558,1,Deep Lying Playmaker
Lucas Rodriguez,22,Forward,Serie A,16.63,-0.620227141042302,1.3784247813662802,-1.2644157808206198,-0.6053925628067948,2,Clinical Finisher
Mateo Martinez,31,Midfielder,Serie A,17.83,0.4872853669063557,1.2636222817970468,-0.2338716785657256,-0.6053925628067948,0,Ball Winning Midfielder
Gabriel Silva,30,Forward,La Liga,24.53,-1.163915099489825,-1.2708636702314136,-1.06861240139219,2.256983620676868,1,Deep Lying Playmaker
Gabriel Garcia,33,Midfielder,Bundesliga,18.52,-0.670568618676332,-1.2178779011994598,-1.0273906373019943,1.422123900494133,1,Deep Lying Playmaker
Marco Santos,22,Goalkeeper,Serie A,32.34,0.0644169547805045,0.2392307471792719,2.620735484680332,-0.3668612141831562,0,Ball Winning Midfielder
Julian Silva,21,Goalkeeper,Bundesliga,39.77,0.3866024116382958,1.5462130499674671,1.6829403516283776,-0.724658237118614,0,Ball Winning Midfielder
Enzo Diaz,24,Midfielder,Bundesliga,15.85,0.5476951400671917,1.44024151190356,-0.151428150385334,-0.6053925628067948,0,Ball Winning Midfielder
Enzo Oliveira,30,Defender,Premier League,3.31,-0.60009054998869,-1.1207373246408776,-1.1510559295725815,1.243225389026404,1,Deep Lying Playmaker
Julian Rodriguez,18,Forward,Bundesliga,18.55,-0.680636914203138,1.2901151663130237,1.3737771209519094,-0.6053925628067948,0,Ball Winning Midfielder
Enzo Silva,26,Forward,Premier League,1.6,-0.4591344126134064,0.0979353630940614,0.2710949315391726,-0.1283298655595176,2,Clinical Finisher
Marco Rodriguez,32,Defender,Bundesliga,27.86,-0.126880660228809,0.0537805555674331,0.8481996288019131,-0.4264940513390658,0,Ball Winning Midfielder
Lucas Rodriguez,34,Midfielder,Premier League,22.48,-0.9222760068464816,0.9457076676053237,2.4352375462744504,-0.724658237118614,0,Ball Winning Midfielder
Hugo Rodriguez,24,Goalkeeper,Premier League,10.1,0.4570804803259379,1.528551126956816,1.064613890275441,-0.6053925628067948,0,Ball Winning Midfielder
Marco Garcia,34,Goalkeeper,Premier League,32.09,-0.3886563439257645,0.8927218985733697,1.0336975672077944,-0.4861268884949754,0,Ball Winning Midfielder
Enzo Rodriguez,17,Defender,Ligue 1,0.95,-1.566646920562064,0.7249336299721825,1.7859947618538672,-0.4861268884949754,0,Ball Winning Midfielder
Diego Silva,29,Defender,Serie A,20.76,1.3229538956312523,0.1774140166419923,0.6730071314185813,-0.0090641912476983,3,Ball Playing Defender
Mateo Costa,33,Forward,Serie A,1.54,0.9302903700858188,1.6786774725473523,0.0031534649529,-0.9631895857422526,0,Ball Winning Midfielder
Hugo Fernandez,24,Goalkeeper,Ligue 1,27.21,1.6451393524890434,-0.0521909824964745,0.6111744852832878,-0.4264940513390658,3,Ball Playing Defender
Hugo Silva,28,Defender,Bundesliga,37.96,-0.3181782752381226,0.9280457445946724,2.0848525515077863,-0.7842910742745237,0,Ball Winning Midfielder
Gabriel Rodriguez,17,Midfielder,Premier League,31.62,-0.056402591541167,0.9722005521213004,1.9302709361695525,-0.6053925628067948,0,Ball Winning Midfielder
Santi Costa,19,Forward,Serie A,36.65,0.4369438892723259,-0.0168671364751718,0.940948598004854,-0.4861268884949754,0,Ball Winning Midfielder
Gabriel Santos,18,Goalkeeper,Bundesliga,1.78,-0.4389978215597944,-0.3347817506668952,0.1165133162009382,-0.8439239114304332,2,Clinical Finisher
Santi Martinez,34,Midfielder,Premier League,33.3,-0.2074270244432569,1.007524398142603,-0.4915077041294491,-0.1879627027154273,2,Clinical Finisher
Hugo Rodriguez,32,Goalkeeper,Serie A,13.56,2.068007764614895,-0.0345290594858232,0.0443752290430958,-0.3668612141831562,3,Ball Playing Defender
Enzo Santos,20,Defender,Serie A,32.62,1.6451393524890434,-0.0963457900231027,0.0031534649529,-0.0090641912476983,3,Ball Playing Defender
Enzo Silva,31,Defender,Premier League,17.18,-0.2779050931308986,0.106766324599387,1.6932457926509268,-0.4264940513390658,0,Ball Winning Midfielder
Leo Silva,26,Goalkeeper,Bundesliga,17.01,-1.234393168177467,-0.9971038635663187,-0.0174574170921978,-0.5457597256508852,2,Clinical Finisher
Hugo Diaz,17,Defender,Serie A,32.48,-0.8215930515784218,-1.3503423237793446,-1.0995287244598368,1.243225389026404,1,Deep Lying Playmaker
Mateo Silva,25,Defender,Serie A,27.62,2.2492370840974023,-0.0256980979804975,0.2710949315391726,-0.4861268884949754,3,Ball Playing Defender
Lucas Garcia,23,Defender,Serie A,11.79,0.8497440058713713,0.1685830551366666,-0.6770056425353302,-0.2475955398713369,3,Ball Playing Defender
Marco Oliveira,30,Midfielder,La Liga,9.01,-0.8618662336856456,-0.8204846334598057,-1.0067797552568962,1.3624910633382232,1,Deep Lying Playmaker
Leo Silva,24,Defender,Premier League,7.51,-0.1671538423360329,0.3981880542751335,0.5905636032381898,-0.6650253999627043,0,Ball Winning Midfielder
Hugo Costa,22,Midfielder,Premier League,35.79,0.5980366177012219,1.5550440114727933,-0.2750934426559214,-0.3668612141831562,0,Ball Winning Midfielder
Julian Silva,23,Goalkeeper,Premier League,29.32,0.0644169547805045,1.0340172826585805,1.672634910605829,-1.0824552600540718,0,Ball Winning Midfielder
Santi Silva,23,Forward,Bundesliga,2.71,2.2089639019901783,-0.1493315590550567,-0.0999009452725894,-0.6053925628067948,3,Ball Playing Defender
Gabriel Martinez,17,Midfielder,Ligue 1,10.87,1.0712465074611026,-0.5908796343213389,-0.532729468219645,-0.0090641912476983,3,Ball Playing Defender
Diego Santos,27,Midfielder,Ligue 1,26.79,1.2927490090508345,0.539483438360344,-0.6873110835578792,-0.3072283770272465,3,Ball Playing Defender
Hugo Rodriguez,33,Forward,Premier League,37.53,0.5476951400671917,-0.4230913657201516,0.3844547827872108,-0.5457597256508852,2,Clinical Finisher
Marco Costa,22,Goalkeeper,Bundesliga,39.42,0.3060560474238481,1.44024151190356,-0.1411227093627853,-0.5457597256508852,0,Ball Winning Midfielder
Marco Diaz,27,Defender,Premier League,19.18,-0.4692027081402124,1.2018055512597674,0.3123166956293683,-0.4264940513390658,0,Ball Winning Midfielder
Mateo Martinez,19,Defender,Premier League,13.56,0.6785829819156693,-0.988272902060993,0.2607894905166236,-0.7842910742745237,3,Ball Playing Defender
Julian Martinez,31,Defender,Serie A,22.08,0.4369438892723259,-1.1825540551781573,0.8378941877793644,-0.4861268884949754,2,Clinical Finisher
Santi Martinez,23,Defender,Ligue 1,23.09,0.2657828653166241,0.8309051680360899,-0.8212818168510154,-0.4264940513390658,2,Clinical Finisher
Gabriel Diaz,30,Midfielder,La Liga,6.0,-0.710841800783556,-1.01476578657697,-1.1304450475274836,2.137717946365049,1,Deep Lying Playmaker
Gabriel Diaz,24,Defender,Premier League,39.77,0.5980366177012219,0.5924692073922979,1.981798141282297,-0.9035567485863428,0,Ball Winning Midfielder
Santi Rodriguez,23,Forward,La Liga,2.74,0.8396757103445651,-1.4739757848539037,-1.0583069603696411,1.0643268775586752,1,Deep Lying Playmaker
Lucas Garcia,21,Defender,Premier League,38.99,-0.5497490723546601,1.184143628249116,-0.2132607965206277,-0.7842910742745237,2,Clinical Finisher
Lucas Rodriguez,29,Forward,Ligue 1,33.56,0.3161243429506541,-0.3701055966881978,0.8378941877793644,-0.6053925628067948,2,Clinical Finisher
Diego Costa,19,Midfielder,Ligue 1,31.01,2.853334815705762,0.8397361295414157,0.6730071314185813,-0.0090641912476983,3,Ball Playing Defender
Marco Oliveira,30,Defender,Premier League,27.22,0.396670707165102,0.8485670910467412,-1.4808300422941476,-0.1879627027154273,2,Clinical Finisher
Hugo Fernandez,17,Defender,La Liga,2.6,-0.660500323149526,-0.6350344418479672,-1.2747212218431687,1.8395537605855004,1,Deep Lying Playmaker
Lucas Costa,27,Goalkeeper,Ligue 1,6.53,1.50418321511376,0.7514265144881592,-0.1617335914078829,-0.5457597256508852,3,Ball Playing Defender
Santi Martinez,25,Defender,Premier League,13.38,0.0040071816196686,-1.01476578657697,-1.0995287244598368,1.6010224119618617,1,Deep Lying Playmaker
Santi Diaz,30,Defender,Premier League,23.3,-0.0060611139071373,0.0272876710514563,1.425304326064654,-0.6650253999627043,0,Ball Winning Midfielder
Lucas Rodriguez,27,Forward,Bundesliga,29.17,0.3463292295310721,0.8662290140573926,1.8993546131019048,-0.4264940513390658,0,Ball Winning Midfielder
Santi Santos,24,Goalkeeper,Ligue 1,11.11,-0.680636914203138,-0.0168671364751718,-0.2647880016333724,-0.6650253999627043,2,Clinical Finisher
Santi Lopez,31,Defender,Bundesliga,3.5,0.9504269611394308,-0.5202319422787338,2.115768874575433,-0.7842910742745237,0,Ball Winning Midfielder
Leo Lopez,19,Goalkeeper,Serie A,16.19,-0.4591344126134064,0.813243245025439,1.1676683005009303,-0.4861268884949754,0,Ball Winning Midfielder
Diego Santos,17,Midfielder,Bundesliga,30.46,-0.8719345292124516,-1.111906363135552,-0.9964743142343474,2.376249294988688,1,Deep Lying Playmaker
Hugo Santos,25,Forward,Serie A,31.64,-0.4389978215597944,-1.0765825171142496,-0.9449471091216028,1.123959714714585,1,Deep Lying Playmaker
Diego Martinez,25,Defender,Ligue 1,34.82,1.020905029827073,0.8397361295414157,0.6214799263058367,-0.6650253999627043,0,Ball Winning Midfielder
Marco Silva,33,Midfielder,La Liga,13.86,-0.680636914203138,1.007524398142603,-0.2647880016333724,-0.5457597256508852,2,Clinical Finisher
Diego Garcia,22,Defender,La Liga,23.11,-0.4692027081402124,-1.6064402074337882,1.1573628594783818,-0.1879627027154273,2,Clinical Finisher
Gabriel Fernandez,23,Forward,Premier League,12.02,-0.8920711202660636,-0.0698529055071258,0.3947602238097597,-0.0090641912476983,2,Clinical Finisher
Marco Martinez,23,Goalkeeper,Bundesliga,15.66,-0.2174953199700629,0.813243245025439,-0.1823444734529808,-0.4264940513390658,2,Clinical Finisher
Santi Diaz,34,Goalkeeper,Premier League,22.62,-1.757944535571378,0.5483143998656694,-0.1102063862951384,-0.1879627027154273,2,Clinical Finisher
Gabriel Santos,24,Defender,Bundesliga,37.16,-0.066470887067973,0.159752093631341,1.105835654365637,-0.1879627027154273,0,Ball Winning Midfielder
Hugo Lopez,22,Defender,Ligue 1,4.67,-1.3552127144991386,-0.9176252100183878,-1.0995287244598368,2.256983620676868,1,Deep Lying Playmaker
Mateo Costa,24,Goalkeeper,La Liga,10.61,4.091735165502897,-0.3701055966881978,-0.0586791811823936,-0.0686970284036079,3,Ball Playing Defender
Diego Diaz,25,Goalkeeper,La Liga,39.89,-0.3987246394525705,0.583638245886972,1.1985846235685775,-0.5457597256508852,0,Ball Winning Midfielder
Santi Costa,23,Forward,Ligue 1,16.02,-0.9826857800073172,0.48649766932839,0.3020112546068194,-0.3668612141831562,2,Clinical Finisher
Gabriel Diaz,17,Midfielder,La Liga,38.31,-0.8014564605248098,-0.4495842502361286,1.631413146515633,-0.2475955398713369,0,Ball Winning Midfielder
Lucas Silva,29,Defender,Ligue 1,33.61,-0.590022254461884,-0.8293155949651314,-1.1304450475274836,2.1973507835209585,1,Deep Lying Playmaker
Leo Oliveira,31,Midfielder,La Liga,14.83,-0.1872904333896449,-0.0345290594858232,-0.2235662375431766,-0.5457597256508852,2,Clinical Finisher
Enzo Fernandez,29,Defender,Ligue 1,7.68,0.3362609340042661,-0.2817959816349413,0.0959024341558406,-0.5457597256508852,2,Clinical Finisher
Enzo Lopez,22,Forward,La Liga,27.49,1.1417245761487445,-0.5290629037840594,-0.5018131451519982,-0.2475955398713369,3,Ball Playing Defender
Julian Garcia,28,Midfielder,La Liga,37.94,-1.697534762410542,-1.138399247651529,-1.0376960783245432,-0.0090641912476983,1,Deep Lying Playmaker
Santi Rodriguez,31,Goalkeeper,Bundesliga,32.67,0.7691976416569234,0.9986934366372776,1.3325553568617137,-0.6650253999627043,0,Ball Winning Midfielder
Gabriel Oliveira,31,Goalkeeper,Premier League,30.12,-0.680636914203138,1.0428482441639055,0.9821703620950496,-0.5457597256508852,0,Ball Winning Midfielder
Julian Costa,25,Goalkeeper,Premier League,20.4,0.4268755937455197,0.5129905538443668,0.5081200750577982,-0.4264940513390658,0,Ball Winning Midfielder
Julian Lopez,32,Goalkeeper,Premier League,33.4,0.5174902534867739,1.1399888207224878,1.291333592771518,-0.5457597256508852,0,Ball Winning Midfielder
Gabriel Silva,25,Goalkeeper,Serie A,12.56,-0.2577685020772868,0.2480617086845975,0.4668983109676024,-0.4861268884949754,2,Clinical Finisher
Gabriel Costa,20,Midfielder,Premier League,2.69,-0.8417296426320336,-0.9264561715237136,-1.1510559295725815,1.720288086273681,1,Deep Lying Playmaker
Santi Diaz,32,Goalkeeper,Premier League,7.0,-0.9424125979000936,0.2922165162112256,0.2401786084715257,-0.3668612141831562,2,Clinical Finisher
Marco Diaz,24,Forward,Bundesliga,29.54,0.9705635521930428,-0.237641174108313,0.2401786084715257,-0.724658237118614,3,Ball Playing Defender
Diego Garcia,29,Forward,Premier League,32.61,0.8094708237641474,-1.164892132167506,1.1882791825460284,-0.6053925628067948,3,Ball Playing Defender
Lucas Diaz,26,Goalkeeper,Ligue 1,15.2,0.4268755937455197,-0.3171198276562439,0.7451452185764239,-0.7842910742745237,2,Clinical Finisher
Mateo Fernandez,26,Defender,Premier League,23.07,-1.67739817135693,-1.0500896325982725,-1.2025831346853262,1.123959714714585,1,Deep Lying Playmaker
Leo Rodriguez,19,Midfielder,La Liga,29.4,0.4872853669063557,2.5794355460905685,-0.2544825606108235,-0.4861268884949754,0,Ball Winning Midfielder
Leo Garcia,22,Goalkeeper,Serie A,13.87,-0.116812364702003,-1.085413478619575,1.3737771209519094,-0.5457597256508852,2,Clinical Finisher
Hugo Fernandez,28,Defender,La Liga,24.99,-0.8417296426320336,1.016355359647929,2.0436307874175905,-0.5457597256508852,0,Ball Winning Midfielder
Enzo Diaz,28,Forward,Bundesliga,12.97,0.7188561640228933,-0.5202319422787338,-0.1720390324304319,0.3487328316877594,3,Ball Playing Defender
Leo Rodriguez,18,Goalkeeper,Premier League,20.24,0.9504269611394308,0.3893570927698076,1.8478274079891608,-0.5457597256508852,0,Ball Winning Midfielder
Marco Silva,20,Defender,Serie A,17.47,-0.1772221378628389,0.1509211321260153,-0.0277628581147468,-0.8439239114304332,2,Clinical Finisher
Mateo Fernandez,29,Defender,Serie A,19.46,-0.2174953199700629,-1.085413478619575,-1.0376960783245432,0.587264180311398,1,Deep Lying Playmaker
Mateo Lopez,21,Goalkeeper,La Liga,31.97,-1.214256577123855,-1.244370785715437,-1.0273906373019943,1.6010224119618617,1,Deep Lying Playmaker
Hugo Martinez,19,Goalkeeper,Premier League,31.74,-0.4591344126134064,-1.412159054316624,-1.1304450475274836,0.4679985059995788,1,Deep Lying Playmaker
Leo Garcia,27,Midfielder,Premier League,21.05,0.8195391192909531,-0.3701055966881978,0.7760615416440707,-0.4861268884949754,3,Ball Playing Defender
Enzo Santos,30,Midfielder,Ligue 1,38.42,0.8094708237641474,0.8838909370680439,0.5287309571028961,-0.724658237118614,0,Ball Winning Midfielder
Gabriel Lopez,22,Forward,Ligue 1,16.08,-1.184051690543437,0.5218215153496927,0.0340697880205468,-0.7842910742745237,2,Clinical Finisher
Mateo Rodriguez,32,Goalkeeper,Bundesliga,37.98,-0.8417296426320336,0.3628642082538308,0.0855969931332916,-0.5457597256508852,2,Clinical Finisher
Marco Santos,29,Defender,La Liga,8.71,1.3028173045776403,0.2215688241686206,-0.3163152067461172,-0.0090641912476983,3,Ball Playing Defender
Leo Oliveira,27,Defender,Ligue 1,12.55,-0.660500323149526,0.0802734400834101,0.5287309571028961,-0.5457597256508852,2,Clinical Finisher
Lucas Martinez,27,Goalkeeper,Ligue 1,18.27,-0.2577685020772868,-0.4849080962574312,1.07491933129799,-0.3072283770272465,2,Clinical Finisher
Enzo Lopez,20,Forward,Premier League,29.45,0.7591293461301172,-0.6968511723852466,0.1989568443813299,-0.3668612141831562,3,Ball Playing Defender
Marco Silva,33,Midfielder,Premier League,19.32,-1.2948029413383029,-0.2023173280870104,2.476459310364646,-0.6053925628067948,0,Ball Winning Midfielder
Santi Oliveira,31,Forward,Serie A,28.98,-1.687466466883736,1.58153689598877,0.8791159518695603,-0.6053925628067948,0,Ball Winning Midfielder
Julian Santos,22,Defender,La Liga,29.83,-0.2779050931308986,0.4511738233070874,2.3321831360489607,-0.1283298655595176,0,Ball Winning Midfielder
Lucas Rodriguez,30,Defender,Serie A,6.69,-0.0060611139071373,-0.988272902060993,-1.223194016730424,1.720288086273681,1,Deep Lying Playmaker
Hugo Diaz,20,Goalkeeper,Ligue 1,31.34,-0.7913881649980038,-0.9971038635663187,-1.0273906373019943,2.3166164578327777,1,Deep Lying Playmaker
Marco Silva,32,Goalkeeper,La Liga,5.28,-0.8618662336856456,2.39398535447873,-0.3987587349265087,-0.3072283770272465,0,Ball Winning Midfielder
Hugo Diaz,25,Goalkeeper,La Liga,4.86,-0.9021394157928696,1.0428482441639055,1.3943880029970073,-0.5457597256508852,0,Ball Winning Midfielder
Hugo Martinez,33,Defender,Ligue 1,17.77,0.4671487758527437,1.3431009353449774,1.3222499158391643,-0.5457597256508852,0,Ball Winning Midfielder
Diego Oliveira,28,Defender,La Liga,1.43,2.9842226575542394,-0.6615273263639442,-0.0689846222049426,-0.4264940513390658,3,Ball Playing Defender
Hugo Garcia,24,Goalkeeper,La Liga,33.58,-1.184051690543437,-1.4033280928112983,-1.1098341654823858,0.4679985059995788,1,Deep Lying Playmaker
Enzo Fernandez,18,Midfielder,Bundesliga,27.38,4.242759598404987,-0.4495842502361286,-0.3678424118588618,-0.5457597256508852,3,Ball Playing Defender
Hugo Santos,19,Midfielder,Bundesliga,4.95,0.8396757103445651,1.104664974701185,0.2401786084715257,-0.4861268884949754,0,Ball Winning Midfielder
Santi Lopez,18,Defender,Bundesliga,5.69,0.5074219579599677,-0.211148289592336,1.3119444748166158,-0.3072283770272465,0,Ball Winning Midfielder
Lucas Silva,34,Forward,Premier League,18.16,-1.3250078279187207,-0.1493315590550567,-0.5842566733323897,-0.5457597256508852,2,Clinical Finisher
Julian Fernandez,19,Goalkeeper,Ligue 1,9.32,-1.173983395016631,-0.4142604042148259,0.2298731674489767,-0.5457597256508852,2,Clinical Finisher
Leo Martinez,17,Midfielder,Premier League,18.06,1.60486617038182,0.4246809387911102,-0.2235662375431766,0.2294671573759402,3,Ball Playing Defender
Mateo Garcia,31,Midfielder,La Liga,35.13,-0.5296124813010481,0.6189620919082747,0.4875091930127003,-0.4861268884949754,0,Ball Winning Midfielder
Mateo Rodriguez,21,Midfielder,Ligue 1,20.33,-0.4591344126134064,-1.4474829003379268,-1.1613613705951304,0.6468970174673077,1,Deep Lying Playmaker
Leo Garcia,31,Defender,Ligue 1,21.26,-0.3685197528721525,-0.9176252100183878,-1.0583069603696411,0.7661626917791271,1,Deep Lying Playmaker
Marco Costa,18,Forward,Ligue 1,34.26,-0.610158845515496,-1.032427709587621,-0.9655579911667004,0.9450612032468558,1,Deep Lying Playmaker
Diego Fernandez,30,Forward,Premier League,16.69,1.383363668792088,-0.0080361749698462,-0.9346416680990538,-0.3072283770272465,3,Ball Playing Defender
Marco Oliveira,21,Midfielder,Bundesliga,17.18,-0.5094758902474363,-1.0942444401249007,-1.223194016730424,-1.8576821430808967,2,Clinical Finisher
Hugo Costa,25,Goalkeeper,Ligue 1,17.09,-1.67739817135693,0.1774140166419923,-0.0895955042500405,-0.6053925628067948,2,Clinical Finisher
Gabriel Garcia,31,Goalkeeper,Premier League,24.72,-1.586783511615676,-0.6526963648586185,-0.1823444734529808,-0.5457597256508852,2,Clinical Finisher
Julian Silva,33,Forward,La Liga,15.99,1.2222709403631924,-0.0168671364751718,-0.4296750579941555,-0.2475955398713369,3,Ball Playing Defender
Santi Costa,33,Goalkeeper,Serie A,32.99,-0.680636914203138,-1.0059348250716444,-0.9964743142343474,2.376249294988688,1,Deep Lying Playmaker
Marco Rodriguez,33,Defender,Premier League,36.28,-0.9726174844805112,-1.111906363135552,-1.0376960783245432,-0.7842910742745237,2,Clinical Finisher
Julian Diaz,24,Midfielder,Premier League,19.54,0.3664658205846838,0.7337645914775079,0.7554506595989728,-0.6053925628067948,0,Ball Winning Midfielder
Enzo Garcia,28,Goalkeeper,Ligue 1,11.25,1.9673248093468352,-1.588778284423137,-0.2853988836784704,-0.4264940513390658,3,Ball Playing Defender
Enzo Garcia,26,Defender,Bundesliga,2.08,-1.133710212909407,-0.8116536719544801,-1.0995287244598368,0.8854283660909461,1,Deep Lying Playmaker
Gabriel Diaz,25,Midfielder,Ligue 1,10.37,-0.7813198694711978,-0.988272902060993,1.1367519774332835,-0.4861268884949754,2,Clinical Finisher
Santi Diaz,21,Defender,La Liga,31.03,2.2492370840974023,-0.3082888661509183,-1.0995287244598368,-0.0686970284036079,3,Ball Playing Defender
Enzo Costa,30,Midfielder,Ligue 1,12.52,-0.3584514573453465,1.2636222817970468,0.5287309571028961,-0.724658237118614,0,Ball Winning Midfielder
Hugo Silva,27,Goalkeeper,Ligue 1,13.77,-0.4289295260329884,-1.164892132167506,-1.1510559295725815,2.376249294988688,1,Deep Lying Playmaker
Julian Santos,31,Goalkeeper,Bundesliga,36.27,-0.5799539589350781,-0.26413405862429,0.9615594800499518,-0.6650253999627043,2,Clinical Finisher
Hugo Silva,17,Goalkeeper,La Liga,35.8,0.2053730921557884,-0.3347817506668952,-2.3877088522784544,-0.6053925628067948,2,Clinical Finisher
Marco Silva,30,Forward,Premier League,4.01,-1.6572615803033182,-1.288525593242065,-1.0995287244598368,1.7799209234295907,1,Deep Lying Playmaker
Santi Costa,28,Defender,La Liga,17.46,-0.5698856634082721,-1.138399247651529,0.2814003725617215,-0.5457597256508852,2,Clinical Finisher
Enzo Martinez,30,Defender,Serie A,25.16,-0.8719345292124516,-1.3856661698006472,0.5699527211930919,-0.6053925628067948,2,Clinical Finisher
Julian Rodriguez,32,Midfielder,Serie A,14.07,-0.2678367976040928,1.917113433191145,0.4462874289225045,-0.9035567485863428,0,Ball Winning Midfielder
Enzo Santos,28,Defender,Bundesliga,4.38,-1.0934370308021832,-0.6968511723852466,-1.0995287244598368,1.6606552491177713,1,Deep Lying Playmaker
Marco Silva,31,Defender,Ligue 1,2.89,-0.5698856634082721,-1.3768352082953217,-1.078917842414739,1.95881943489732,1,Deep Lying Playmaker
Mateo Lopez,24,Defender,Ligue 1,33.71,0.3463292295310721,1.1753126667437903,1.7550784387862204,-0.6053925628067948,0,Ball Winning Midfielder
Santi Rodriguez,27,Forward,La Liga,35.25,0.1550316145217585,-1.0059348250716444,-1.1098341654823858,3.56890603810688,1,Deep Lying Playmaker
Marco Rodriguez,32,Forward,Serie A,25.33,0.3161243429506541,1.78464901061126,0.2195677264264278,-0.5457597256508852,0,Ball Winning Midfielder
Julian Martinez,21,Midfielder,La Liga,18.48,-0.7712515739443918,0.1862449781473179,0.7245343365313259,-0.6053925628067948,2,Clinical Finisher
Leo Costa,34,Forward,Ligue 1,19.32,0.7389927550765052,0.0537805555674331,0.889421392892109,-0.0686970284036079,0,Ball Winning Midfielder
Enzo Rodriguez,21,Goalkeeper,Bundesliga,26.32,0.6081049132280276,1.3077770893236749,0.7966724236891687,-0.7842910742745237,0,Ball Winning Midfielder
Diego Martinez,27,Defender,Premier League,20.84,-0.8417296426320336,-1.2796946317367397,-1.1716668116176796,0.587264180311398,1,Deep Lying Playmaker
Enzo Oliveira,22,Forward,La Liga,37.71,-0.5396807768278541,0.3010474777165512,-0.8625035809412113,-0.4861268884949754,2,Clinical Finisher
Leo Rodriguez,28,Midfielder,Premier League,2.17,0.6785829819156693,0.0802734400834101,0.714228895508777,-0.4264940513390658,0,Ball Winning Midfielder
Diego Oliveira,33,Goalkeeper,Ligue 1,33.1,-1.0430955531681534,-1.3326804007686932,-1.2541103397980709,1.5413895748059518,1,Deep Lying Playmaker
Enzo Martinez,23,Forward,Ligue 1,16.04,-0.2174953199700629,0.2039069011579692,0.8481996288019131,-0.1879627027154273,0,Ball Winning Midfielder
Mateo Oliveira,19,Defender,La Liga,19.92,0.3362609340042661,0.0007947865354794,-1.0170851962794452,-0.9035567485863428,2,Clinical Finisher
Enzo Garcia,28,Defender,Serie A,5.15,-0.2779050931308986,-1.1472302091568547,-1.1304450475274836,2.674413480768236,1,Deep Lying Playmaker
Julian Lopez,23,Forward,Premier League,18.18,-0.5497490723546601,-0.9441180945343648,-1.0273906373019943,2.0780851092091392,1,Deep Lying Playmaker
Julian Garcia,28,Defender,Bundesliga,22.0,-0.4087929349793764,0.1950759396526436,0.3947602238097597,-0.4861268884949754,2,Clinical Finisher
Mateo Rodriguez,20,Forward,Premier League,11.0,0.3866024116382958,-1.1295682861462033,-1.0376960783245432,0.9450612032468558,1,Deep Lying Playmaker
Leo Oliveira,23,Forward,La Liga,21.46,-0.7309783918371678,0.2392307471792719,0.0443752290430958,-0.6053925628067948,2,Clinical Finisher
Enzo Rodriguez,19,Midfielder,Bundesliga,3.6,-0.2477002065504808,-1.1030754016302264,-1.0170851962794452,0.7065298546232174,1,Deep Lying Playmaker
Lucas Costa,20,Midfielder,Serie A,0.99,-0.4893392991938244,-1.0500896325982725,-1.0583069603696411,0.8257955289350365,1,Deep Lying Playmaker
Hugo Rodriguez,21,Defender,Bundesliga,16.04,-0.8820028247392576,-1.1560611706621804,-1.315942985933365,1.3624910633382232,1,Deep Lying Playmaker
Hugo Rodriguez,23,Forward,Premier League,21.92,-2.039856810321945,1.4667343964195367,1.7344675567411223,-0.6650253999627043,0,Ball Winning Midfielder
Mateo Martinez,27,Midfielder,Ligue 1,24.04,-0.65043202762272,1.837634779643213,1.4871369721999477,-0.4861268884949754,0,Ball Winning Midfielder
Julian Fernandez,22,Forward,Bundesliga,38.5,0.1650999100485645,0.9280457445946724,-0.0999009452725894,-0.3072283770272465,2,Clinical Finisher
Leo Santos,28,Defender,Premier League,11.8,1.0108367343002669,1.537382088462142,1.2810281517489688,-0.4264940513390658,0,Ball Winning Midfielder
Lucas Rodriguez,24,Midfielder,La Liga,11.61,-0.4994075947206304,-1.3326804007686932,-1.243804898775522,1.123959714714585,1,Deep Lying Playmaker
Leo Santos,32,Goalkeeper,La Liga,36.29,-1.0733004397485713,-0.8204846334598057,-1.0583069603696411,1.123959714714585,1,Deep Lying Playmaker
Leo Santos,24,Goalkeeper,Serie A,6.15,-0.9625491889537054,-1.3150184777580418,-1.0170851962794452,3.390007526639151,1,Deep Lying Playmaker
Diego Garcia,33,Defender,Premier League,20.06,0.1248267279413405,0.6542859379295772,0.6111744852832878,-1.0228224228981622,0,Ball Winning Midfielder
Marco Fernandez,29,Goalkeeper,Serie A,6.47,0.7490610506033114,0.5483143998656694,0.8481996288019131,-0.0686970284036079,0,Ball Winning Midfielder
Marco Diaz,25,Forward,La Liga,1.34,2.4808078812139405,-0.0168671364751718,0.4256765468774066,-0.1879627027154273,3,Ball Playing Defender
Leo Oliveira,17,Goalkeeper,Ligue 1,26.65,-0.8820028247392576,0.8044122835201132,-1.078917842414739,-0.3668612141831562,2,Clinical Finisher
Gabriel Lopez,26,Defender,Ligue 1,38.11,-0.8920711202660636,0.8927218985733697,-0.347231529813764,-0.6650253999627043,2,Clinical Finisher
Diego Martinez,18,Goalkeeper,Bundesliga,37.48,1.0913830985147146,0.2922165162112256,0.9718649210725006,0.1698343202200305,3,Ball Playing Defender
Mateo Garcia,31,Forward,Bundesliga,3.1,-0.2879733886577046,-1.465144823348578,-0.9449471091216028,1.95881943489732,1,Deep Lying Playmaker
Mateo Santos,26,Defender,Ligue 1,38.1,0.7188561640228933,0.2392307471792719,-0.522424027197096,-0.3072283770272465,3,Ball Playing Defender
Santi Silva,32,Goalkeeper,Bundesliga,4.89,-0.126880660228809,-0.6173725188373159,-1.1098341654823858,-0.5457597256508852,2,Clinical Finisher
Mateo Silva,26,Goalkeeper,La Liga,7.91,0.3161243429506541,0.636624014918926,0.1989568443813299,-0.6650253999627043,0,Ball Winning Midfielder
Gabriel Martinez,17,Midfielder,Bundesliga,27.13,-0.70077350525675,-1.1295682861462033,-1.2128885757078751,1.89918659774141,1,Deep Lying Playmaker
Marco Silva,21,Goalkeeper,Bundesliga,0.64,1.3330221911580584,-0.5378938652893851,-1.1304450475274836,-0.2475955398713369,3,Ball Playing Defender
Gabriel Silva,23,Midfielder,Ligue 1,14.85,2.138485833302537,-0.4319223272254772,-0.4193696169716066,-0.1283298655595176,3,Ball Playing Defender
Santi Garcia,30,Forward,Ligue 1,26.06,0.4067390026919078,0.8485670910467412,-0.1411227093627853,-0.0686970284036079,2,Clinical Finisher
Hugo Martinez,18,Forward,Ligue 1,24.99,-0.036266000487555,-1.7035807839923705,0.3741493417646618,-0.4264940513390658,2,Clinical Finisher
Enzo Lopez,22,Forward,Serie A,30.5,-0.106744069175197,0.6542859379295772,-0.7903654937833685,-0.5457597256508852,2,Clinical Finisher
Julian Rodriguez,33,Defender,Bundesliga,30.59,0.0845535458341165,-0.2023173280870104,-0.0483737401598447,-0.6053925628067948,2,Clinical Finisher
Hugo Oliveira,25,Forward,La Liga,23.09,-0.056402591541167,1.0428482441639055,-1.0376960783245432,-0.4264940513390658,2,Clinical Finisher
Gabriel Costa,33,Forward,Serie A,25.24,2.138485833302537,-0.26413405862429,-0.5636457912872919,-0.3668612141831562,3,Ball Playing Defender
Diego Silva,17,Midfielder,Serie A,20.48,0.6282415042816396,-0.5025700192680825,-0.718227406625526,-0.7842910742745237,2,Clinical Finisher
Leo Garcia,27,Forward,Ligue 1,29.65,-0.2779050931308986,-1.191385016683483,-1.223194016730424,1.243225389026404,1,Deep Lying Playmaker
Marco Rodriguez,20,Forward,Premier League,11.26,0.1348950234681465,-0.6791892493745953,0.1577350802911341,-0.0686970284036079,2,Clinical Finisher
Lucas Fernandez,30,Forward,Premier League,2.93,-0.8417296426320336,-1.01476578657697,-1.1407504885500326,1.89918659774141,1,Deep Lying Playmaker
Lucas Santos,33,Midfielder,Ligue 1,31.23,-1.204188281597049,-0.3789365581935235,0.7863669826666194,-0.4264940513390658,2,Clinical Finisher
Marco Diaz,33,Midfielder,La Liga,23.1,0.6483780953352516,0.9192147830893465,1.3428607978842624,-0.8439239114304332,0,Ball Winning Midfielder
Marco Oliveira,32,Forward,Premier League,22.17,0.3563975250578781,-0.7763298259331776,-0.1205118273176873,-0.2475955398713369,2,Clinical Finisher
Marco Diaz,32,Goalkeeper,La Liga,15.14,1.5142515106405658,0.8309051680360899,0.5184255160803471,-0.1283298655595176,3,Ball Playing Defender
Santi Oliveira,24,Defender,Serie A,8.54,-0.106744069175197,-0.7056821338905723,-0.3266206477686662,-0.3072283770272465,2,Clinical Finisher
Gabriel Santos,34,Goalkeeper,La Liga,34.48,0.1550316145217585,-0.7056821338905723,0.5905636032381898,-0.5457597256508852,2,Clinical Finisher
Diego Martinez,20,Forward,Premier League,6.98,-0.7813198694711978,-0.961780017545016,-1.0583069603696411,2.3166164578327777,1,Deep Lying Playmaker
Diego Silva,33,Midfielder,La Liga,36.85,-0.4289295260329884,0.4070190157804589,0.8172833057342666,-0.724658237118614,0,Ball Winning Midfielder
Mateo Rodriguez,30,Midfielder,La Liga,5.22,-0.8417296426320336,-1.2267088627047855,-1.078917842414739,2.4358821321445974,1,Deep Lying Playmaker
Diego Fernandez,22,Forward,Premier League,4.41,-0.4692027081402124,1.387255742871606,-0.4708968220843513,-0.4264940513390658,2,Clinical Finisher
Mateo Fernandez,23,Defender,Serie A,7.68,-1.0632321442217654,-1.2355398242101112,-1.243804898775522,-0.3668612141831562,2,Clinical Finisher
Leo Costa,33,Forward,Premier League,27.74,0.0241437726732806,2.2085351628668914,0.0134589059754489,-0.4861268884949754,0,Ball Winning Midfielder
Marco Rodriguez,17,Goalkeeper,Serie A,10.23,1.041041620880685,-0.0256980979804975,0.3432330186970152,-0.6053925628067948,3,Ball Playing Defender
Julian Fernandez,27,Goalkeeper,Ligue 1,10.86,-0.9222760068464816,-1.0235967480822956,-1.2025831346853262,-0.1283298655595176,2,Clinical Finisher
Mateo Silva,25,Defender,Serie A,36.71,0.4470121847991317,-0.6791892493745953,0.1577350802911341,-0.7842910742745237,2,Clinical Finisher
Lucas Costa,17,Midfielder,Bundesliga,20.03,0.1650999100485645,0.7690884374988105,-0.6667002015127812,-0.2475955398713369,2,Clinical Finisher
Enzo Garcia,20,Midfielder,Premier League,23.03,0.1852365011021764,0.5748072843816465,1.8993546131019048,-0.4264940513390658,0,Ball Winning Midfielder
